order_id;customer_id;order_date;discount_id;amount
ZYY98;CUST51271;2024-12-13;670;163.17
ZYGRH;CUST73447;2024-09-09;698;9643.52
ZXYG6;CUST72546;2024-07-22;;20870.11
ZXXOY;CUST47951;2024-04-25;;637.78
ZXWHD;CUST92125;2024-02-05;;1016.39
ZXUE3;CUST17932;2024-11-28;555;579.93
ZXN5I;CUST58041;2024-12-01;318;2588.19
ZW9A6;CUST38643;2024-03-06;;146.79
ZUVAQ;CUST27097;2024-03-12;;612.24
ZUOBF;CUST74378;2024-08-11;223;4004.0
ZTX1Z;CUST24370;2024-02-23;;484.86
ZT7H1;CUST71864;2024-03-05;;4492.06
ZT4IP;CUST61018;2024-01-07;;1729.45
ZSO9X;CUST97404;2024-07-22;;519.26
ZSKIT;CUST51812;2024-01-02;;214.04
ZSK0P;CUST14987;2024-09-13;754;844.65
ZSAA0;CUST13815;2024-03-08;;991.88
ZMSFM;CUST35460;2024-09-12;453;740.04
ZM85G;CUST77852;2024-12-27;651;253.41
ZLKPT;CUST47951;2024-05-09;;157.63
ZLDDS;CUST24370;2024-03-12;;13466.7
ZL5XA;CUST44866;2024-08-04;972;422.32
ZJN5L;CUST42396;2024-04-10;;121.45
ZI1Z3;CUST29860;2024-08-25;232;1348.36
ZHZTG;CUST31790;2024-08-15;370;90.09
ZHT5V;CUST59807;2024-11-29;511;7122.28
ZHN2X;CUST52290;2024-09-17;510;294.28
ZG7AP;CUST43401;2024-06-23;;300.64
ZFXNI;CUST91843;2024-11-20;330;640.05
ZFV57;CUST66698;2024-12-18;330;406.59
ZEQKG;CUST17849;2024-02-29;140;421.74
ZEBKH;CUST57692;2024-02-08;;155.43
ZE5TE;CUST80698;2024-02-26;;737.8
ZDRQ0;CUST17361;2024-11-28;660;198.78
ZCVU7;CUST16821;2024-09-07;996;388.02
ZCQGM;CUST34279;2024-09-22;103;6253.08
ZBBUR;CUST97034;2024-02-16;;3819.02
ZAQNR;CUST35436;2024-02-24;;158.47
ZAC97;CUST28562;2024-08-31;382;2419.06
Z9UZS;CUST18436;2024-02-02;;3695.81
Z8EG1;CUST94318;2024-06-21;;221.83
Z7UJ4;CUST32359;2024-09-08;871;554.9
Z7IB6;CUST67610;2024-04-16;;336.29
Z778F;CUST53264;2024-11-30;869;241.26
Z6D08;CUST97934;2024-05-21;;417.36
Z62MR;CUST47264;2024-09-01;853;459.89
Z5K7O;CUST33615;2024-11-05;548;1498.91
Z4XXD;CUST80543;2024-03-02;;267.92
Z4LL1;CUST83587;2024-09-21;;48.32
Z4CLE;CUST59284;2024-05-24;511;4386.0
Z40MW;CUST84293;2024-02-27;408;1238.52
Z3NX7;CUST95510;2024-09-22;228;943.18
Z3JVR;CUST31131;2024-10-29;510;5095.66
Z2CUO;CUST23148;2024-12-17;318;858.33
Z22B6;CUST56105;2024-11-15;580;492.5
Z0QG4;CUST41526;2024-04-13;722;238.61
Z0KPR;CUST13481;2024-07-20;;227.2
Z05RW;CUST16473;2024-12-04;472;1851.08
YZIEC;CUST97821;2024-01-25;;909.27
YYXKR;CUST72288;2024-01-02;;437.84
YYS5W;CUST43484;2024-12-03;814;109.42
YXW5R;CUST89916;2024-08-20;;1378.29
YX40R;CUST84780;2024-11-15;140;479.79
YWRGF;CUST11916;2024-11-06;961;414.69
YWHG2;CUST44555;2024-01-09;;424.05
YWA6U;CUST19680;2024-01-01;;121.66
YVCG6;CUST17154;2024-07-23;140;8413.0
YU9JR;CUST98854;2024-03-08;;81.73
YU0WG;CUST38676;2024-07-15;;397.52
YU0AR;CUST80338;2024-09-22;979;567.99
YSC9L;CUST94908;2024-02-28;;390.66
YPRC1;CUST64210;2024-12-31;340;500.17
YPMW3;CUST94023;2024-12-10;850;5603.92
YPLBV;CUST94702;2024-01-11;826;883.84
YPBXL;CUST56316;2024-03-01;;256.38
YNHQ7;CUST57599;2024-02-18;;2401.16
YMWPU;CUST18780;2024-12-20;859;1105.02
YLVKT;CUST40801;2024-09-02;768;206.98
YKOT0;CUST44688;2024-09-08;804;321.81
YKM4G;CUST51506;2024-12-27;;850.82
YK25J;CUST68433;2024-04-16;;2991.45
YIE38;CUST42968;2024-11-29;133;260.27
YI29A;CUST33264;2024-06-13;;11492.07
YFZCG;CUST94804;2024-10-02;453;760.73
YERBV;CUST23036;2024-09-24;365;108.94
YE2J9;CUST85897;2024-03-05;195;1770.93
YCO31;CUST28400;2024-12-09;382;877.62
YCKXQ;CUST75951;2024-03-17;;98.43
YCC53;CUST17373;2024-04-06;143;841.17
YBJBZ;CUST59441;2024-05-26;;1637.65
YAU8B;CUST60835;2024-02-06;;2127.0
YAEUE;CUST94804;2024-12-04;890;91.43
YAE0X;CUST14048;2024-01-17;412;362.16
Y9VL4;CUST78528;2024-03-03;;7055.49
Y9V2W;CUST14214;2024-06-07;790;14.14
Y9RU1;CUST86926;2024-03-26;;928.43
Y9P9A;CUST30663;2024-10-20;421;122.23
Y9LBO;CUST68433;2024-11-14;547;769.57
Y81PG;CUST23036;2024-12-23;908;2736.53
Y7XF5;CUST78528;2024-05-29;382;592.29
Y7FRL;CUST89263;2024-02-20;;440.89
Y6SYB;CUST24703;2024-10-28;382;9379.44
Y6JUA;CUST49024;2024-02-12;809;731.35
Y237Y;CUST45579;2024-10-16;707;8641.73
Y1WUB;CUST50005;2024-02-11;;3078.88
Y1SXD;CUST30307;2024-02-12;;818.92
Y1LGU;CUST49864;2024-04-21;;2937.81
Y0LRT;CUST37070;2024-02-29;;2362.11
XZTG4;CUST50930;2024-09-02;238;75.91
XZS5R;CUST89263;2024-12-06;238;273.1
XZAKO;CUST33281;2024-05-17;;592.9
XYY4A;CUST94435;2024-09-02;850;1690.23
XY2L5;CUST56242;2024-11-25;472;2281.07
XY06Y;CUST72825;2024-02-02;;2968.67
XX04G;CUST27097;2024-01-25;;430.88
XTWKP;CUST95109;2024-03-10;;942.83
XTW9C;CUST62592;2024-11-17;955;7726.52
XTV69;CUST71075;2024-12-01;850;411.99
XTUX8;CUST20486;2024-05-26;;875.32
XTUVE;CUST96160;2024-11-13;853;2641.71
XTT9F;CUST78730;2024-12-19;491;352.42
XTN95;CUST10429;2024-03-30;;204.5
XTA92;CUST81727;2024-01-16;;11020.36
XSHHV;CUST42396;2024-06-15;;4549.95
XRHY7;CUST11609;2024-03-27;;142.83
XQNBS;CUST20486;2024-01-05;;214.45
XQI0A;CUST97821;2024-03-24;;748.31
XO14K;CUST50005;2024-09-10;850;3584.04
XNWMU;CUST36828;2024-02-28;;1867.93
XNRKN;CUST65734;2024-11-15;826;510.26
XNQYP;CUST38259;2024-11-26;186;1065.07
XMPUT;CUST19921;2024-03-30;;242.74
XM9XT;CUST84340;2024-04-27;318;435.06
XLI59;CUST25797;2024-05-09;;1000.3
XLFV2;CUST73382;2024-04-16;;414.35
XLE8B;CUST10017;2024-12-25;590;518.2
XL7AG;CUST91587;2024-02-09;;328.99
XL1RN;CUST32886;2024-10-20;510;258.87
XL043;CUST18780;2024-11-10;;316.0
XKEA7;CUST36828;2024-12-21;590;213.84
XKA23;CUST75479;2024-12-09;133;101.5
XJG2E;CUST21771;2024-02-18;228;357.84
XJABM;CUST17863;2024-12-10;;657.08
XIH5S;CUST72546;2024-10-11;;531.04
XHUV2;CUST64375;2024-03-26;110;373.11
XHMT3;CUST21592;2024-07-09;979;445.52
XGOZE;CUST86890;2024-03-10;;1215.42
XEXYT;CUST40628;2024-04-11;;1604.09
XET7Y;CUST81727;2024-01-31;;1962.45
XE9BW;CUST72643;2024-06-13;;217.88
XDMN3;CUST17932;2024-01-14;;378.15
XCSRS;CUST77852;2024-05-13;;404.68
XCP4L;CUST43108;2024-04-10;;302.98
XCDSR;CUST44258;2024-02-19;;4495.01
XBP8W;CUST47316;2024-03-29;;161.0
XBBMB;CUST36276;2024-12-04;904;293.86
XASPR;CUST15712;2024-01-26;;461.18
X9TBQ;CUST36569;2024-01-07;;644.43
X8K9T;CUST10684;2024-09-13;521;334.8
X8J7V;CUST47908;2024-03-05;;1313.2
X7DZO;CUST57559;2024-03-14;;6934.34
X60ME;CUST24703;2024-10-03;778;1395.36
X5XFR;CUST54282;2024-11-28;294;415.09
X5I1E;CUST62492;2024-08-06;330;1583.65
X59GM;CUST31882;2024-11-19;651;897.47
X4Q3W;CUST57770;2024-09-19;379;1568.58
X3FAQ;CUST78775;2024-04-30;;637.45
X1ZHN;CUST64921;2024-03-02;;273.12
X0TOE;CUST60953;2024-02-07;;191.52
X0FA2;CUST16709;2024-02-16;869;586.92
X0D4R;CUST25138;2024-03-22;;1200.93
X0AVM;CUST22037;2024-02-17;;4246.26
WZH55;CUST89349;2024-01-09;;1040.83
WZ8EL;CUST75637;2024-04-23;;21577.18
WYH4X;CUST45870;2024-11-28;458;4345.32
WXS62;CUST44870;2024-10-01;370;2691.56
WX9LX;CUST25329;2024-09-26;232;1578.18
WX20U;CUST31133;2024-12-29;;182.89
WWXAK;CUST85897;2024-10-28;521;201.84
WVE8E;CUST36569;2024-11-03;778;1356.55
WURYN;CUST78528;2024-12-21;469;901.32
WUGY0;CUST72825;2024-07-08;;957.57
WT4P5;CUST85300;2024-03-18;;832.0
WR7EK;CUST37070;2024-10-19;826;316.7
WQTB1;CUST23412;2024-03-15;;309.47
WOZTB;CUST80061;2024-01-06;;605.43
WLFXL;CUST24370;2024-11-17;979;219.94
WLC59;CUST59536;2024-08-12;961;2702.94
WKLTT;CUST33615;2024-02-24;;4931.71
WKA48;CUST35082;2024-11-11;651;494.78
WJHFP;CUST24432;2024-01-10;;5530.66
WID9K;CUST44861;2024-02-27;;529.38
WHTNO;CUST12194;2024-02-04;;14231.21
WGB8W;CUST26823;2024-12-27;;472.79
WFIIH;CUST43226;2024-09-27;373;516.82
WDW76;CUST17236;2024-10-07;859;578.76
WDMSP;CUST54653;2024-01-24;;1196.76
WCM0Q;CUST68187;2024-08-24;939;28.87
WC61W;CUST30112;2024-07-01;;271.85
WBUO9;CUST93554;2024-02-17;;1611.26
WBR8C;CUST93245;2024-03-05;769;605.74
WBHFF;CUST52618;2024-02-29;;409.74
WAQU5;CUST53264;2024-01-07;;1453.06
W9TTH;CUST30751;2024-12-04;217;356.76
W9J0P;CUST33117;2024-10-08;133;272.91
W8EJA;CUST39862;2024-02-23;;194.82
W8C2Y;CUST81247;2024-06-25;;556.54
W84R3;CUST82691;2024-07-15;;1115.02
W7YCF;CUST23036;2024-11-28;172;497.54
W7VGQ;CUST65666;2024-01-30;;2283.95
W7204;CUST88586;2024-02-09;;375.46
W6H4M;CUST60835;2024-02-15;;274.25
W5OMY;CUST18305;2024-03-06;412;3302.04
W5589;CUST16905;2024-02-02;;162.77
W4PPN;CUST58826;2024-09-30;511;272.27
W42ML;CUST49458;2024-08-18;373;9931.39
W3SQS;CUST84004;2024-09-15;547;188.04
W3GHF;CUST53488;2024-11-16;491;683.64
W1GRU;CUST28877;2024-04-15;;441.37
W122G;CUST18781;2024-11-21;590;168.36
W0N7A;CUST35004;2024-07-13;;905.51
VZMP7;CUST97261;2024-06-09;;4743.45
VZDBP;CUST67703;2024-05-29;;1928.85
VYQFH;CUST11916;2024-03-19;;1061.96
VXCHD;CUST19645;2024-11-23;769;544.91
VW1PH;CUST59548;2024-01-27;;1079.06
VT4S8;CUST72814;2024-06-27;;228.9
VS7X9;CUST93065;2024-06-21;;437.94
VRMIQ;CUST16905;2024-02-20;;553.48
VQJRX;CUST73481;2024-12-22;770;1693.1
VQ581;CUST32519;2024-07-29;;619.0
VPZRN;CUST86301;2024-12-17;996;225.73
VPPZT;CUST44866;2024-01-19;739;83.89
VOSYZ;CUST84889;2024-03-26;;215.45
VOO8T;CUST99574;2024-12-09;548;1965.11
VOLDA;CUST64606;2024-10-29;580;7471.08
VO2UN;CUST45851;2024-08-04;707;641.25
VO0VK;CUST67305;2024-02-01;;1551.99
VNRBW;CUST43441;2024-11-16;500;324.45
VNJRG;CUST87213;2024-05-27;;538.16
VNEXS;CUST10684;2024-03-25;;14084.35
VNCX8;CUST92330;2024-08-10;804;234.99
VLXAC;CUST71075;2024-03-21;;1027.42
VL9U0;CUST25138;2024-02-08;;259.16
VL8S6;CUST39135;2024-09-04;593;281.42
VKRZH;CUST30326;2024-10-21;376;202.14
VKBXG;CUST69964;2024-04-03;;1203.37
VJVY6;CUST39170;2024-12-08;871;3160.81
VJOKH;CUST21540;2024-04-21;;913.42
VJL9P;CUST95551;2024-07-31;;190.97
VHRCA;CUST27097;2024-01-08;232;8125.36
VG2GL;CUST92125;2024-11-16;521;719.22
VFU2M;CUST94908;2024-07-16;;4849.34
VF5TH;CUST35944;2024-10-08;;581.14
VEPL7;CUST18305;2024-09-07;281;1116.32
VECH7;CUST65944;2024-08-14;471;30.93
VE86C;CUST68433;2024-01-13;;109.33
VDSKE;CUST65635;2024-03-24;;21854.88
VCETR;CUST56738;2024-09-10;308;3145.03
VC3BL;CUST14048;2024-11-09;871;2863.09
VBL5W;CUST21014;2024-11-10;869;6100.54
VAW6Z;CUST44258;2024-09-23;908;174.99
VAUPK;CUST30732;2024-09-14;769;2361.94
VATBE;CUST31591;2024-01-25;;580.34
VAN3R;CUST65944;2024-12-31;379;160.57
V9YUG;CUST64351;2024-03-25;;148.84
V9JLV;CUST56738;2024-07-04;555;241.08
V90PQ;CUST74378;2024-04-25;;280.64
V8WWL;CUST41831;2024-12-26;340;370.64
V6LU4;CUST43463;2024-09-30;;564.7
V6K0M;CUST37912;2024-12-02;308;675.7
V67A1;CUST25499;2024-03-09;;583.42
V5W2D;CUST17459;2024-12-16;850;154.8
V5UC1;CUST30307;2024-02-21;;671.46
V5Q6J;CUST38410;2024-03-23;;444.4
V4CVF;CUST46431;2024-01-19;143;1348.67
V3PWH;CUST49525;2024-03-21;;624.28
V1S9U;CUST72576;2024-04-10;;421.4
V1NML;CUST36569;2024-05-20;;161.14
V1E0K;CUST90272;2024-12-05;790;164.77
V1DKU;CUST60622;2024-11-26;444;10832.81
V15RA;CUST31207;2024-06-10;;109.96
V01TS;CUST38089;2024-12-08;195;2013.62
UZ92M;CUST60232;2024-12-25;548;538.02
UYVL0;CUST37070;2024-08-05;491;3544.11
UX9AV;CUST14290;2024-05-22;;238.1
UX2UE;CUST79528;2024-11-09;301;249.11
UWXMA;CUST92457;2024-09-03;232;353.33
UV8LB;CUST36988;2024-01-12;;168.81
UV43X;CUST71535;2024-02-18;;726.72
UTJI1;CUST17932;2024-11-27;314;197.92
UROMS;CUST82464;2024-01-24;;395.61
URJOK;CUST29860;2024-12-20;195;279.95
UQXGP;CUST59505;2024-03-28;362;60.12
UQHE8;CUST14646;2024-01-18;;192.97
UP32H;CUST57045;2024-01-11;;448.2
UOD2N;CUST43803;2024-10-10;856;72.58
UO690;CUST26823;2024-01-27;;231.13
UNOJO;CUST78528;2024-09-13;223;2699.57
UNCEA;CUST40801;2024-09-11;362;5119.54
UME3H;CUST21615;2024-04-29;;1531.55
UK5PA;CUST75186;2024-03-05;;411.84
UIWSP;CUST80338;2024-03-20;;377.0
UID3C;CUST31207;2024-02-10;;1066.75
UI9CJ;CUST56242;2024-02-07;;134.84
UHY78;CUST82550;2024-11-08;355;751.67
UHXVK;CUST28691;2024-01-08;;850.83
UHUBK;CUST11615;2024-02-04;;107.28
UH1DU;CUST34207;2024-10-12;836;751.55
UGUBD;CUST77139;2024-12-25;;155.46
UGH9D;CUST63051;2024-12-22;250;1152.93
UGELM;CUST93010;2024-01-07;;261.67
UEHVB;CUST47316;2024-11-29;768;259.22
UE5JO;CUST77139;2024-01-22;;473.6
UDY24;CUST14987;2024-10-20;469;66.89
UDQPX;CUST74143;2024-01-10;;158.93
UDDNE;CUST83587;2024-03-31;;717.46
UCHYE;CUST91304;2024-02-04;;447.27
UC2IA;CUST98734;2024-04-11;;930.02
UBDSW;CUST59536;2024-10-06;228;412.59
UARLT;CUST21651;2024-09-17;365;1369.02
U9HTS;CUST98991;2024-05-14;;1095.12
U9FFA;CUST84731;2024-08-30;497;308.32
U9FCT;CUST62369;2024-02-08;;1559.06
U9494;CUST54653;2024-03-30;;440.6
U8QUN;CUST86890;2024-10-03;914;2427.52
U7PMG;CUST89430;2024-02-22;890;698.12
U77MY;CUST69326;2024-03-30;;3665.39
U6C21;CUST28562;2024-02-10;;138.33
U5X42;CUST72825;2024-04-13;;2415.04
U5UDA;CUST61746;2024-09-18;722;929.19
U5IGX;CUST69326;2024-01-14;;126.0
U4C22;CUST75637;2024-04-16;;227.62
U30KH;CUST44866;2024-10-19;790;1246.88
U20Q4;CUST94218;2024-10-17;833;415.34
U1UFZ;CUST41198;2024-02-03;491;911.28
U1B74;CUST27218;2024-12-25;945;412.31
U0107;CUST22825;2024-11-24;722;2513.12
TZS9U;CUST59284;2024-08-02;908;131.73
TYTIK;CUST46581;2024-02-25;;277.08
TXNMC;CUST57770;2024-10-06;670;131.62
TXCD9;CUST56927;2024-12-10;232;2120.69
TWZ9F;CUST77691;2024-01-06;;4314.41
TWLV6;CUST94218;2024-08-27;301;2545.35
TVOTV;CUST13274;2024-08-01;698;311.63
TVGKH;CUST61091;2024-01-24;;67.9
TV82F;CUST84871;2024-11-21;238;1530.3
TUQF5;CUST45870;2024-02-22;;683.5
TSAG0;CUST98734;2024-01-29;;3453.71
TQYXR;CUST61330;2024-12-20;850;527.06
TPVGY;CUST78775;2024-06-24;;1363.25
TP95D;CUST72791;2024-08-24;217;905.9
TP71D;CUST71644;2024-02-05;;264.22
TP5U2;CUST39558;2024-03-26;228;5605.73
TMSE4;CUST27218;2024-09-03;580;718.8
TM7UK;CUST85527;2024-02-09;;325.18
TLVEZ;CUST43226;2024-02-17;;566.21
TLHL3;CUST26924;2024-02-15;;761.16
TLAX2;CUST17373;2024-07-31;;559.57
TKUAY;CUST53866;2024-01-16;;84.39
TKK0P;CUST31882;2024-05-04;836;590.39
TK8KL;CUST27897;2024-10-21;340;1705.27
TJYDU;CUST88586;2024-10-20;140;188.36
TJE3K;CUST59505;2024-05-11;;138.56
TIRUH;CUST67123;2024-01-21;;520.8
TI9C4;CUST98734;2024-11-17;809;5260.45
TI8LH;CUST52010;2024-01-27;;340.02
THO69;CUST16728;2024-10-09;471;357.64
THG2A;CUST75991;2024-03-22;;110.92
TGTI7;CUST79912;2024-01-23;;947.59
TG0GO;CUST57599;2024-07-07;;236.76
TFOLH;CUST86678;2024-11-28;223;1136.48
TF9G4;CUST99662;2024-06-12;;972.71
TF4ZM;CUST37912;2024-01-26;;827.79
TF43Q;CUST14341;2024-06-22;308;347.88
TELPP;CUST24199;2024-10-21;186;696.13
TE66M;CUST58052;2024-01-15;;171.2
TD67A;CUST69945;2024-10-03;471;227.11
TBUB3;CUST21838;2024-01-23;;153.09
TBHOC;CUST35944;2024-10-21;133;187.18
TB3U0;CUST38594;2024-04-27;;359.43
T96QV;CUST28519;2024-03-24;;1025.34
T8PRR;CUST94908;2024-09-06;710;451.93
T8N5W;CUST25896;2024-12-29;500;887.14
T8CIL;CUST88893;2024-01-31;;1585.56
T7RQY;CUST84889;2024-11-27;510;1259.93
T7RC4;CUST64203;2024-10-11;850;155.21
T6ZVH;CUST56738;2024-08-14;722;3699.78
T6MU7;CUST16498;2024-03-23;;244.75
T3GPD;CUST30307;2024-01-09;;4905.02
T3F4L;CUST11397;2024-11-26;223;764.52
T2Y18;CUST37189;2024-05-08;;274.06
T162A;CUST25737;2024-05-03;859;58.17
T0RQD;CUST76686;2024-12-28;281;20.99
T0PS4;CUST86678;2024-03-01;;274.95
T06T6;CUST85115;2024-10-28;833;1724.85
SZQZD;CUST36276;2024-01-08;;463.54
SXL75;CUST93170;2024-03-16;;160.02
SXE2F;CUST25961;2024-08-05;593;497.06
SX7PQ;CUST38676;2024-04-23;;389.98
SX68W;CUST76418;2024-02-09;;203.87
SW1PR;CUST30059;2024-09-20;684;2234.04
SVTEE;CUST14428;2024-12-09;826;939.5
SUWV9;CUST36665;2024-09-07;376;582.17
SUMLM;CUST53803;2024-03-03;;216.55
SUL8A;CUST19986;2024-08-03;308;5511.35
SU4VD;CUST41521;2024-01-14;;229.08
STPWW;CUST92761;2024-11-18;195;24960.2
SSNPU;CUST18288;2024-02-15;;1046.64
SSABI;CUST64203;2024-11-18;301;613.45
SRYCZ;CUST62113;2024-12-02;472;136.0
SQS1E;CUST25499;2024-12-20;214;532.15
SOMZX;CUST41834;2024-04-03;;212.86
SO9AC;CUST51812;2024-11-04;471;416.31
SO3MJ;CUST91086;2024-12-13;780;1273.87
SMQPC;CUST64203;2024-01-08;;592.09
SLLH3;CUST93065;2024-01-27;;332.67
SLE94;CUST18436;2024-08-03;362;2925.86
SKHAM;CUST82550;2024-04-23;;290.31
SK54V;CUST21651;2024-01-31;;514.02
SK4RD;CUST34513;2024-02-16;;3271.88
SILKV;CUST16498;2024-02-08;;173.54
SI71T;CUST80338;2024-11-11;480;3057.52
SE5LX;CUST29771;2024-12-25;684;867.43
SDQ61;CUST84835;2024-08-14;869;114.93
SAMS3;CUST50801;2024-09-11;859;311.8
S9SAO;CUST82571;2024-09-24;521;265.17
S9GGU;CUST42494;2024-01-16;;613.35
S96OE;CUST11615;2024-10-10;;224.85
S8ZX3;CUST16709;2024-05-10;;1050.08
S8TRV;CUST68187;2024-11-25;814;64.9
S88LC;CUST30672;2024-01-05;;440.36
S7WML;CUST67610;2024-05-05;;775.29
S7FP0;CUST68091;2024-10-07;103;525.41
S644U;CUST20486;2024-01-21;;170.71
S4S2K;CUST51375;2024-03-30;446;214.38
S4OFX;CUST68793;2024-02-04;;543.22
S4NK4;CUST94218;2024-03-21;853;2660.55
S4AWK;CUST17154;2024-10-09;110;50.46
S3KDW;CUST38259;2024-10-27;;2481.42
S0VLK;CUST49436;2024-01-02;;181.17
S004Y;CUST78908;2024-11-12;446;802.79
RZLYJ;CUST92182;2024-08-10;908;3350.77
RZLAK;CUST30326;2024-08-01;376;2572.14
RY4T5;CUST30663;2024-08-01;370;407.49
RXZRO;CUST94218;2024-08-06;856;1646.11
RWA1B;CUST69736;2024-11-12;497;655.86
RV01K;CUST63432;2024-03-06;;1153.13
RUGU5;CUST64527;2024-03-18;;1264.57
RTK4B;CUST82573;2024-10-06;965;600.78
RT7Y1;CUST99485;2024-08-31;869;255.04
RSNK9;CUST71644;2024-07-25;;212.51
RS5E7;CUST39585;2024-09-15;362;727.65
RRTZX;CUST82028;2024-07-23;;3209.47
RPQXT;CUST89302;2024-03-12;;660.16
RMCL5;CUST16905;2024-03-11;;277.31
RLRRH;CUST18253;2024-01-15;;669.32
RLB5T;CUST99574;2024-11-15;908;4290.06
RL5NP;CUST54282;2024-08-09;382;610.05
RKQHY;CUST84340;2024-10-03;;437.3
RK9LI;CUST15095;2024-12-29;;977.69
RK1QT;CUST91086;2024-12-19;780;272.48
RJU96;CUST78652;2024-03-13;;313.62
RJ5P6;CUST37940;2024-03-05;;1840.27
RJ0CQ;CUST72915;2024-07-31;761;560.32
RIOER;CUST25063;2024-03-09;382;427.16
RGTJJ;CUST63407;2024-03-01;;1414.48
RG5SX;CUST53281;2024-02-10;;1313.93
RFDRR;CUST73447;2024-06-03;;1394.39
REMO2;CUST98991;2024-08-18;;326.93
RD050;CUST57770;2024-02-23;;184.39
RCN56;CUST69084;2024-10-08;370;1679.84
RAQKK;CUST75787;2024-03-08;;510.99
RAON9;CUST87213;2024-10-29;301;4222.88
RA4HO;CUST25086;2024-03-07;;1014.01
R9TXD;CUST82809;2024-11-09;651;399.12
R9A2C;CUST77490;2024-01-26;739;436.85
R8YBQ;CUST97821;2024-11-12;217;1568.02
R8WDS;CUST10889;2024-03-02;;598.35
R7YDQ;CUST58618;2024-02-06;;454.68
R7U89;CUST94318;2024-07-16;;1050.35
R7KIL;CUST16580;2024-09-24;329;487.47
R6VOF;CUST16709;2024-11-06;223;1082.91
R4XGO;CUST38676;2024-10-19;;300.94
R48TI;CUST19645;2024-02-03;;522.07
R42PJ;CUST84340;2024-01-13;;158.78
R3BF6;CUST89430;2024-06-08;;280.3
R2SKI;CUST62884;2024-12-05;961;103.89
R27E0;CUST61330;2024-11-11;110;1172.1
R1591;CUST98734;2024-11-04;340;4860.79
R11B3;CUST28562;2024-08-27;961;190.01
R0O5A;CUST57255;2024-01-02;;672.31
R0NT2;CUST51588;2024-11-03;580;824.16
QYW60;CUST30732;2024-01-29;;789.27
QXSB4;CUST64813;2024-07-08;;158.44
QVXVK;CUST42614;2024-04-17;;197.67
QVD23;CUST45569;2024-03-04;;2374.0
QV92E;CUST91220;2024-02-11;;397.74
QU0PL;CUST16821;2024-07-02;;626.61
QU0K5;CUST35460;2024-02-08;;7384.53
QT749;CUST34775;2024-10-29;444;843.6
QSC33;CUST49785;2024-09-18;548;1164.98
QS6PW;CUST78975;2024-09-02;133;870.64
QQATN;CUST84315;2024-04-13;;2467.56
QQ37H;CUST95339;2024-03-10;;284.38
QPRSC;CUST25089;2024-11-10;;445.16
QPLJ9;CUST56105;2024-12-02;768;2107.19
QMRTG;CUST69964;2024-02-22;;50.94
QM0H6;CUST84835;2024-04-22;;2948.43
QL8UY;CUST14706;2024-03-02;;95.36
QL0QP;CUST73382;2024-11-23;761;121.01
QKPAT;CUST39862;2024-01-07;;65.1
QK94U;CUST38410;2024-11-04;458;248.62
QIXC2;CUST60137;2024-03-11;;2565.89
QIWFO;CUST82626;2024-09-09;458;222.61
QIMZL;CUST18208;2024-01-21;;345.46
QIJ9C;CUST14646;2024-01-10;;780.45
QI1BI;CUST62973;2024-06-29;;293.35
QH7TL;CUST84293;2024-07-25;;247.01
QGRCB;CUST85527;2024-07-19;;796.81
QGN6B;CUST21540;2024-02-09;;365.32
QG2GG;CUST37888;2024-10-05;660;4210.75
QFYYB;CUST59728;2024-01-28;;528.77
QFYJ3;CUST16821;2024-03-20;;2207.83
QFX3T;CUST48747;2024-03-28;;3448.93
QFLPH;CUST33117;2024-02-23;;1372.31
QF8RG;CUST69004;2024-08-13;370;196.3
QEQ5N;CUST10017;2024-12-13;896;655.13
QEHG2;CUST71197;2024-10-19;;2752.67
QDO1J;CUST48280;2024-02-04;;6021.69
QDDXY;CUST39862;2024-09-16;543;156.16
QCUYS;CUST33281;2024-06-15;;3178.38
QCTHX;CUST87411;2024-08-14;421;1675.31
QBXBJ;CUST65944;2024-03-19;;4919.09
QBREJ;CUST77139;2024-07-21;;289.11
QBDEQ;CUST78730;2024-01-26;340;658.79
QB73D;CUST40801;2024-08-12;103;4691.07
QA4AF;CUST34513;2024-10-29;710;426.7
Q9XVO;CUST27338;2024-01-21;;4316.92
Q8SMD;CUST17236;2024-03-16;;116.7
Q8109;CUST25961;2024-04-26;;2268.1
Q7Y7N;CUST82464;2024-09-02;294;255.2
Q7RVB;CUST96870;2024-10-06;698;200.67
Q6WYB;CUST38643;2024-01-26;;1221.87
Q6G2N;CUST25086;2024-08-20;853;706.31
Q5YSE;CUST89302;2024-05-13;;963.67
Q5UU7;CUST67703;2024-03-02;945;889.0
Q505H;CUST75759;2024-07-13;;259.4
Q4SAN;CUST99485;2024-12-05;590;648.47
Q4PJP;CUST38265;2024-04-19;480;188.18
Q4IFG;CUST30732;2024-04-10;;1798.78
Q4AUZ;CUST58826;2024-02-15;;381.22
Q3ZK0;CUST69945;2024-01-10;;19758.61
Q3YW0;CUST56641;2024-01-20;103;52.91
Q3T5Q;CUST35436;2024-05-09;;1128.85
Q2XFR;CUST47353;2024-11-11;;3737.8
PZZKS;CUST48768;2024-06-13;;11137.04
PZRVB;CUST74689;2024-11-02;408;348.13
PZI8D;CUST27897;2024-03-06;;891.71
PZ6EG;CUST58826;2024-03-29;;915.58
PY24A;CUST17863;2024-01-10;;105.41
PWZY9;CUST17887;2024-10-27;945;140.51
PWT4I;CUST25797;2024-01-20;;1128.07
PW0F2;CUST27189;2024-12-27;421;4459.91
PVOEK;CUST32402;2024-01-01;;7008.76
PUDKU;CUST18384;2024-02-06;;66.33
PU7VX;CUST16498;2024-08-10;543;74.56
PU4QT;CUST10244;2024-10-28;115;196.28
PS9YA;CUST83336;2024-03-07;;325.61
PRHHA;CUST71197;2024-05-17;;357.37
PQRAL;CUST64606;2024-02-21;;176.87
PO4UQ;CUST31299;2024-07-31;467;252.83
PNIZH;CUST57255;2024-04-13;;813.68
PMQSJ;CUST24755;2024-09-13;250;2067.81
PM7ES;CUST63811;2024-12-03;457;192.75
PLW2I;CUST89916;2024-01-25;;235.86
PL85F;CUST89424;2024-01-09;;471.84
PKR1C;CUST30307;2024-06-12;;120.63
PKKTX;CUST60137;2024-09-02;362;245.59
PKGKR;CUST24560;2024-06-03;;1096.86
PJO14;CUST63684;2024-09-01;318;518.73
PJCJ6;CUST86301;2024-10-23;521;92.94
PJ3D3;CUST60806;2024-11-24;593;92.7
PISFY;CUST95313;2024-01-02;;179.36
PIS42;CUST35795;2024-10-21;373;348.22
PIE94;CUST46581;2024-10-23;684;165.4
PHZOZ;CUST94218;2024-02-20;;1668.83
PH0Y7;CUST56316;2024-04-05;;50.82
PGXXH;CUST77095;2024-12-27;908;744.18
PGX4O;CUST17361;2024-04-11;;1186.78
PD4TU;CUST54536;2024-01-03;;234.93
PCJA2;CUST80543;2024-09-18;281;129.48
PCI81;CUST83847;2024-03-29;;16926.24
PC30J;CUST28519;2024-09-06;;383.49
PBB2Q;CUST51016;2024-02-20;;70.87
PACHV;CUST25797;2024-10-21;590;374.25
PA9RY;CUST38859;2024-04-29;;715.94
P9DII;CUST16709;2024-12-12;497;405.31
P8W70;CUST95189;2024-03-10;;194.91
P8MHT;CUST56927;2024-10-27;890;319.86
P75HD;CUST25085;2024-11-02;480;382.88
P5IIB;CUST74276;2024-03-11;;189.39
P4PEI;CUST88505;2024-10-01;;10394.46
P4BMZ;CUST16728;2024-09-09;511;776.14
P48K4;CUST17682;2024-12-12;458;382.45
P383K;CUST84056;2024-03-20;;934.32
P2PN5;CUST17400;2024-01-06;;1029.02
P1FBG;CUST54653;2024-10-30;238;183.88
P16HA;CUST34775;2024-01-20;;893.77
OYGOQ;CUST75479;2024-08-17;373;415.66
OXBLK;CUST68187;2024-10-17;698;1416.85
OWMIA;CUST78528;2024-03-03;;181.06
OW4K7;CUST83582;2024-02-04;;1111.43
OVMMF;CUST68793;2024-10-13;194;19551.33
OVDV4;CUST22491;2024-04-05;;395.08
OV27Q;CUST98592;2024-12-22;853;128.92
OUGJ1;CUST50801;2024-05-21;;5503.31
OU3OI;CUST49024;2024-10-24;140;1120.45
OSN1F;CUST82550;2024-07-09;;1090.59
OR26B;CUST39135;2024-10-19;914;891.8
OPOMG;CUST70883;2024-02-15;;515.41
OOVT2;CUST37534;2024-05-11;;1248.66
OON54;CUST19986;2024-01-04;850;731.89
ONLC3;CUST14048;2024-03-28;;1064.47
ONIDZ;CUST21615;2024-02-21;;5967.51
OMNGY;CUST36714;2024-07-17;;183.37
OLO8Z;CUST83289;2024-09-25;;642.58
OJFEK;CUST90866;2024-01-03;;1118.93
OJ9MS;CUST33151;2024-02-22;;2415.17
OHX7N;CUST90555;2024-07-15;;880.25
OHJ2S;CUST56738;2024-10-14;769;4929.45
OH5CD;CUST39170;2024-07-02;;1000.12
OFTLC;CUST53866;2024-09-16;698;968.39
OF1WP;CUST18916;2024-10-19;495;503.43
OEXRL;CUST63407;2024-09-20;904;491.47
OEAZI;CUST86926;2024-09-24;376;1700.14
OE522;CUST82956;2024-04-06;;980.22
OD5JI;CUST53754;2024-02-17;;764.22
OD1DD;CUST24560;2024-10-11;330;1916.17
OCZ9R;CUST88893;2024-08-31;301;1884.33
OCPWC;CUST57599;2024-04-08;;806.86
OCKDD;CUST28841;2024-02-13;;1630.78
OC21A;CUST23780;2024-09-05;826;950.06
OB7BV;CUST59965;2024-10-15;833;251.39
OA6PZ;CUST49436;2024-11-07;379;2555.8
OA63D;CUST25138;2024-12-31;373;293.3
O9OVO;CUST90749;2024-01-01;217;144.86
O8P16;CUST43108;2024-01-24;;1952.81
O830S;CUST50640;2024-01-28;;502.06
O7FJ8;CUST51798;2024-12-23;370;263.19
O731W;CUST19986;2024-10-26;308;1013.05
O5UG2;CUST61601;2024-12-25;408;652.88
O44YJ;CUST92182;2024-06-25;;365.94
O37EJ;CUST85300;2024-03-06;;79.26
O2NFA;CUST39085;2024-02-03;;4353.87
NZYZL;CUST11190;2024-11-29;908;340.56
NYP4K;CUST37189;2024-11-01;469;563.48
NY8B3;CUST10709;2024-02-12;;2430.36
NXMQ9;CUST89557;2024-09-02;;99.55
NVYLK;CUST85843;2024-07-10;;336.19
NULLV;CUST92608;2024-12-13;379;99.93
NU1KH;CUST61571;2024-06-04;;340.45
NTXNL;CUST61018;2024-12-03;580;8064.74
NTSQJ;CUST77494;2024-11-05;370;4415.46
NT44R;CUST89430;2024-04-01;;791.01
NSLT7;CUST93010;2024-07-01;;2738.54
NRWUA;CUST80698;2024-12-27;329;1936.25
NQG4T;CUST62025;2024-12-22;214;541.92
NQDHW;CUST61091;2024-08-03;421;17394.4
NOQGV;CUST54248;2024-09-19;458;528.4
NOHRS;CUST31549;2024-03-21;;873.14
NN6YX;CUST36714;2024-12-14;;1111.9
NLWDH;CUST19645;2024-11-01;996;2320.27
NK8MG;CUST25896;2024-01-23;;169.94
NJY38;CUST38089;2024-10-18;;429.1
NJ9YL;CUST31790;2024-03-05;;240.95
NIQGZ;CUST41831;2024-01-16;;799.65
NIOWN;CUST37940;2024-12-10;698;224.76
NHBUJ;CUST82956;2024-10-13;373;57.95
NH7YY;CUST33615;2024-09-09;495;2439.03
NG9QK;CUST13905;2024-03-31;469;311.95
NFR5W;CUST94176;2024-12-29;;2612.73
NFHA8;CUST10244;2024-08-24;836;1596.82
NFCO5;CUST88505;2024-03-03;;1303.09
NDMY3;CUST37189;2024-03-14;;281.83
ND6E2;CUST92845;2024-11-18;500;6195.42
ND22L;CUST16580;2024-03-26;;456.06
NCVKG;CUST39585;2024-05-02;;5299.17
NCNRW;CUST11921;2024-11-14;497;1811.45
NCA5T;CUST51798;2024-12-04;370;14.22
NC3Y6;CUST53866;2024-02-02;;2128.75
NBC0R;CUST86105;2024-03-09;;601.56
NA8ZU;CUST85843;2024-12-17;804;4522.18
N9P1L;CUST77852;2024-03-18;;524.01
N9FX2;CUST16473;2024-12-10;472;537.55
N99J1;CUST71075;2024-02-07;;142.92
N96I2;CUST17863;2024-04-06;;70.8
N8PLE;CUST39653;2024-12-31;133;2293.47
N8PL4;CUST14184;2024-02-02;;94.47
N8EEY;CUST49785;2024-08-08;;1711.2
N7ZZQ;CUST19786;2024-08-24;294;221.86
N7OY8;CUST86678;2024-01-26;;240.65
N6ISB;CUST11190;2024-01-27;;451.88
N5O44;CUST90137;2024-07-19;;554.26
N5MNP;CUST47951;2024-04-30;;4863.03
N51Y6;CUST33388;2024-06-21;660;1255.75
N4W3A;CUST85371;2024-03-13;491;1172.79
N4IRM;CUST82028;2024-06-02;780;388.78
N42UV;CUST84871;2024-02-22;228;560.09
N37QS;CUST87213;2024-05-25;;2529.66
N2JSA;CUST51812;2024-06-14;;2549.48
N1VXS;CUST24199;2024-11-22;143;301.19
N1IPD;CUST35436;2024-02-28;;649.56
N0EBI;CUST18916;2024-01-06;;363.72
MZL9V;CUST99485;2024-06-26;;12022.94
MZ016;CUST37189;2024-05-08;;238.54
MYZU4;CUST45242;2024-01-25;;299.44
MYKK5;CUST17863;2024-11-14;722;63.95
MY2R7;CUST39135;2024-04-23;;853.49
MWN60;CUST35304;2024-09-17;670;1576.11
MW9IC;CUST17887;2024-02-24;;252.6
MW83G;CUST59505;2024-02-18;;1570.32
MVXVZ;CUST33798;2024-11-16;754;533.86
MVL0X;CUST94218;2024-05-11;;315.21
MVGEK;CUST51271;2024-05-12;;30797.77
MTK3D;CUST63460;2024-03-16;;18812.7
MSO2L;CUST93554;2024-12-27;365;176.55
MSCQE;CUST21592;2024-03-13;;1669.1
MPLJ3;CUST91843;2024-01-27;;92.87
MPJBB;CUST59965;2024-01-08;;264.02
MPH25;CUST97404;2024-03-16;826;922.78
MOYN0;CUST31882;2024-01-26;;889.67
MOS0N;CUST45569;2024-11-23;472;601.98
MO1RP;CUST75759;2024-01-24;;441.99
MNGJU;CUST25089;2024-02-11;;1151.83
MNB2U;CUST61330;2024-02-11;;2536.02
MMU2D;CUST68793;2024-01-21;;1631.08
MMDEZ;CUST91304;2024-10-23;308;6626.77
MM7XF;CUST59548;2024-01-14;;172.68
MM0TB;CUST65126;2024-06-05;;1319.02
MKN1K;CUST33615;2024-03-10;;223.18
MKMCN;CUST69473;2024-07-14;;208.13
MK3HL;CUST52290;2024-09-19;373;441.54
MK2PX;CUST89263;2024-12-18;340;620.96
MK1TM;CUST26601;2024-07-23;;88.25
MIQE5;CUST10244;2024-03-09;497;203.03
MH2LP;CUST25089;2024-11-11;593;511.98
MGYOR;CUST20489;2024-09-08;707;127.65
MGWW0;CUST49024;2024-01-28;;480.49
MET30;CUST16905;2024-08-02;859;1828.23
ME7EH;CUST89302;2024-01-31;;8019.01
ME3PP;CUST99485;2024-01-19;836;367.56
MDVV7;CUST49458;2024-12-11;904;304.78
MDS1Y;CUST60376;2024-09-27;412;376.92
MDNHS;CUST47353;2024-07-15;;246.87
MCZ4H;CUST69964;2024-02-20;;511.08
MCOFF;CUST19402;2024-09-29;446;213.88
MCDMQ;CUST14290;2024-10-09;;829.63
MBGI4;CUST77390;2024-01-28;;3020.79
MB5N6;CUST13274;2024-03-16;;428.09
MB2MK;CUST80624;2024-03-08;;179.12
MB0BG;CUST94908;2024-02-03;;217.38
MAQ8B;CUST86105;2024-09-11;497;698.47
MAL87;CUST67610;2024-04-08;;1507.82
MA0BE;CUST26823;2024-11-17;172;127.45
M7Z5Y;CUST33798;2024-01-07;;776.08
M7E1I;CUST69829;2024-01-14;;353.89
M6P1X;CUST47480;2024-10-25;556;166.15
M6IL5;CUST25961;2024-09-25;908;397.55
M5LWO;CUST59454;2024-11-29;547;356.7
M0NOE;CUST94804;2024-03-05;871;645.65
LZVW1;CUST69473;2024-03-12;;13484.68
LZAMX;CUST31710;2024-02-27;;4150.24
LYBML;CUST23368;2024-02-16;869;354.72
LXUQ2;CUST73374;2024-12-05;308;361.1
LX6NK;CUST81485;2024-02-12;790;337.42
LWM4X;CUST63051;2024-01-23;;276.4
LVYZP;CUST34513;2024-03-30;;129.0
LVY3M;CUST86301;2024-01-12;;1824.62
LVJCZ;CUST52062;2024-09-07;547;379.45
LVJ0J;CUST66698;2024-03-12;;331.23
LV52Y;CUST25085;2024-12-22;469;468.92
LULW9;CUST82464;2024-10-07;972;62.99
LU6U1;CUST87284;2024-01-15;;1038.74
LTVRU;CUST71075;2024-04-05;;408.87
LTLLB;CUST60376;2024-04-09;;100.46
LTKGE;CUST90447;2024-03-26;;235.34
LSEMI;CUST97457;2024-11-07;301;501.13
LRD8W;CUST36141;2024-09-19;580;1927.29
LQTZO;CUST88616;2024-05-07;379;1995.4
LNBQL;CUST13481;2024-12-11;281;304.21
LN46M;CUST64210;2024-12-08;301;256.84
LMD3L;CUST26896;2024-12-20;330;412.31
LLH5B;CUST22491;2024-05-11;;292.45
LL3VK;CUST15712;2024-10-29;945;89.76
LL0D7;CUST78975;2024-11-06;914;715.82
LKN0P;CUST16273;2024-10-31;710;260.47
LJDD9;CUST28001;2024-04-30;;884.41
LJBDA;CUST59227;2024-03-01;;690.79
LID13;CUST23036;2024-11-02;836;1616.07
LI7VO;CUST39170;2024-09-30;;6472.61
LH0TM;CUST72288;2024-12-19;510;322.06
LG8SL;CUST61091;2024-11-27;238;4394.66
LG4L8;CUST14428;2024-02-23;;5573.29
LFY4M;CUST84004;2024-01-17;;267.61
LFS0B;CUST16905;2024-12-28;467;1000.13
LE9MC;CUST89302;2024-11-24;115;972.71
LB3I3;CUST40174;2024-10-13;761;324.15
LB17Y;CUST41198;2024-01-18;;200.64
L949G;CUST76477;2024-11-13;853;3567.56
L8MAG;CUST90866;2024-05-03;;369.64
L7M8L;CUST75186;2024-05-01;;599.74
L6H7Z;CUST50930;2024-06-01;;570.01
L55NH;CUST86926;2024-09-14;;481.65
L4R15;CUST76418;2024-09-27;453;2486.21
L3Z1A;CUST47476;2024-10-12;143;315.99
L2W8B;CUST33388;2024-10-20;103;183.3
L2R0N;CUST43441;2024-01-09;;646.09
L22TB;CUST49266;2024-02-06;;279.64
L1NIX;CUST33151;2024-10-17;467;832.32
L1LNU;CUST47476;2024-07-17;;1607.23
L0FVA;CUST68433;2024-08-20;869;4635.09
KZPO8;CUST30663;2024-03-23;;289.11
KZ91H;CUST49864;2024-01-27;;620.98
KYQA6;CUST25071;2024-04-17;;1269.35
KYC2Q;CUST79528;2024-05-30;;2380.4
KY3NZ;CUST27761;2024-12-26;;205.86
KXL3L;CUST26924;2024-07-09;;331.83
KV4OK;CUST65635;2024-01-06;;186.57
KSQO7;CUST10701;2024-08-23;896;368.25
KS31O;CUST43226;2024-10-22;458;1345.27
KQWUD;CUST59197;2024-12-11;869;506.62
KQLN2;CUST85300;2024-11-03;;2088.59
KOZY6;CUST81727;2024-08-24;531;1876.17
KONYR;CUST84340;2024-01-11;555;9159.67
KOEHT;CUST37940;2024-02-17;;1125.9
KNSWZ;CUST10701;2024-10-29;965;1216.52
KNA1J;CUST20139;2024-06-11;;324.3
KLTRZ;CUST20139;2024-11-03;770;136.23
KLF9O;CUST40685;2024-08-08;556;143.98
KLAGO;CUST10709;2024-10-05;115;10687.41
KKWT8;CUST10429;2024-07-26;;216.5
KKU4W;CUST13725;2024-02-20;;149.84
KKCIF;CUST64351;2024-05-20;;518.84
KK4FH;CUST60835;2024-12-12;965;329.52
KK0RR;CUST28877;2024-11-19;904;264.22
KJ9PF;CUST61746;2024-03-08;;25988.0
KJ84Z;CUST46936;2024-02-21;;707.86
KJ5Y9;CUST14827;2024-04-30;;2058.17
KHOA7;CUST63259;2024-01-06;;305.25
KH756;CUST80624;2024-04-04;;139.19
KGQMN;CUST80338;2024-09-15;763;51.94
KG1UQ;CUST85300;2024-03-08;279;1706.26
KFF4U;CUST37070;2024-09-16;140;793.5
KF57U;CUST94023;2024-01-13;833;2355.59
KEVTW;CUST17373;2024-09-24;804;257.8
KEVMC;CUST38265;2024-01-11;;120.49
KEDYP;CUST92761;2024-12-23;421;176.1
KE1KD;CUST95109;2024-05-27;;312.38
KD2P8;CUST65666;2024-12-05;826;283.41
KCWHW;CUST19786;2024-08-20;;972.75
KCLYL;CUST59454;2024-10-02;660;988.41
KBIJ5;CUST17154;2024-12-30;194;462.32
KBBMC;CUST64813;2024-11-29;301;291.46
KAZV8;CUST88384;2024-10-23;453;508.07
KAYCO;CUST84004;2024-04-18;;139.25
K9YLT;CUST26127;2024-09-11;511;1127.91
K8KSH;CUST75759;2024-09-18;115;619.79
K7WLT;CUST13740;2024-05-19;421;1095.49
K5UVA;CUST58041;2024-03-30;;181.22
K4SH8;CUST23412;2024-12-13;531;119.3
K48OS;CUST89916;2024-08-17;382;255.1
K43S4;CUST98490;2024-03-04;;361.88
K2K3L;CUST20139;2024-05-10;707;1104.12
K2GX7;CUST13740;2024-05-12;543;1105.73
K2ET6;CUST17682;2024-08-29;453;285.77
K2CRJ;CUST48768;2024-10-06;103;827.42
K1TG8;CUST46280;2024-08-22;365;150.09
K1QIL;CUST49266;2024-10-15;833;567.02
K1FAN;CUST86678;2024-04-10;;9968.9
K0ZYV;CUST17361;2024-08-14;382;337.68
K0W17;CUST91679;2024-10-08;778;724.06
K0KQY;CUST91304;2024-10-19;329;376.87
K05XR;CUST37534;2024-01-29;;180.03
JZGLJ;CUST54282;2024-02-14;;747.66
JXKKO;CUST26896;2024-01-25;;250.75
JX19L;CUST51812;2024-03-01;;301.6
JWX5T;CUST59284;2024-08-29;836;14685.03
JWJHO;CUST30732;2024-01-09;;1068.96
JWEMN;CUST39653;2024-05-22;;328.0
JUORG;CUST36141;2024-12-26;809;5113.84
JUDBH;CUST77852;2024-02-12;707;409.83
JU9WK;CUST97158;2024-12-09;761;2466.85
JT8BW;CUST25582;2024-02-26;;321.0
JSK3I;CUST18781;2024-11-08;511;1641.2
JRUES;CUST75953;2024-01-27;;1626.16
JRTK8;CUST26127;2024-01-26;;283.6
JRHD1;CUST93178;2024-03-08;;280.87
JRDYR;CUST10429;2024-07-13;;125.05
JPAMV;CUST26823;2024-12-07;804;208.2
JNT7T;CUST37912;2024-07-02;;7996.48
JMVHL;CUST97034;2024-02-04;;1195.24
JMLI9;CUST64028;2024-04-05;;186.91
JJ8M4;CUST14341;2024-02-22;228;621.12
JIXBA;CUST61330;2024-01-31;;745.3
JILDU;CUST69326;2024-09-10;330;203.59
JIAMA;CUST30059;2024-02-07;;1533.92
JHWZ6;CUST73382;2024-03-06;457;1057.79
JF8FX;CUST83587;2024-09-17;110;373.27
JE151;CUST50005;2024-03-29;;193.32
JDTSK;CUST62884;2024-09-20;376;630.8
JDQZW;CUST75637;2024-03-07;376;374.0
JDC56;CUST34279;2024-03-20;;430.59
JD6X9;CUST77363;2024-01-30;;454.23
JD18G;CUST93245;2024-11-19;365;550.13
JCUY1;CUST50599;2024-01-03;;4362.86
JC4UJ;CUST59441;2024-09-04;660;665.45
JC1LB;CUST71644;2024-01-22;961;4480.74
JB7TM;CUST84889;2024-09-12;770;260.11
JAPRF;CUST17363;2024-01-24;;254.7
JAG5C;CUST10017;2024-09-03;214;183.77
J9TDH;CUST61330;2024-02-18;;94.69
J8QSC;CUST84914;2024-09-08;133;166.87
J8C2Z;CUST94804;2024-06-18;;434.64
J83ZB;CUST22207;2024-04-08;869;276.52
J7DEI;CUST65734;2024-09-28;979;75.0
J6YNC;CUST12200;2024-11-24;250;2574.65
J6TLJ;CUST64203;2024-08-01;850;223.93
J6DBL;CUST30751;2024-03-31;;384.04
J6DB0;CUST69473;2024-02-02;;219.67
J67JY;CUST31790;2024-09-23;754;133.0
J59HQ;CUST51375;2024-11-27;543;487.67
J529Y;CUST80061;2024-10-11;329;1184.24
J3LGX;CUST26924;2024-12-11;660;1183.67
J3GYR;CUST78500;2024-03-10;;530.46
J34O5;CUST14048;2024-03-02;;1609.77
J2PJK;CUST97261;2024-03-30;;653.85
J22XV;CUST16387;2024-09-27;945;762.46
J1ZHF;CUST94176;2024-01-27;;26.97
J1ZAI;CUST40801;2024-02-22;;722.87
J1VXR;CUST67703;2024-04-30;;214.78
J0N37;CUST44866;2024-11-17;;1203.3
J0GPC;CUST81727;2024-12-25;340;814.6
IZPE0;CUST92845;2024-09-08;890;388.77
IYB9L;CUST25138;2024-05-17;;225.06
IXLMP;CUST50801;2024-11-25;556;224.7
IWV99;CUST82550;2024-01-18;;844.55
IWJO4;CUST14290;2024-01-05;;528.66
IVKE0;CUST68433;2024-11-11;853;1604.99
IUV2O;CUST75787;2024-11-27;593;853.82
IU3ZN;CUST28242;2024-04-25;;489.64
ITIP3;CUST84889;2024-11-26;500;483.9
ISVIH;CUST64813;2024-02-03;;979.87
ISKT1;CUST30894;2024-10-02;330;4614.84
ISEIL;CUST27218;2024-01-06;;1125.59
ISE1X;CUST35718;2024-08-15;408;1462.08
IS61M;CUST19402;2024-02-22;;327.78
IS2AE;CUST80969;2024-03-10;;61.93
IS0PQ;CUST97158;2024-01-08;;372.35
IQVB8;CUST35004;2024-01-09;;11044.44
IQDEV;CUST30326;2024-07-30;;296.85
IPU0Y;CUST45569;2024-11-03;996;831.34
IP4AU;CUST64527;2024-05-11;;424.95
IOT6M;CUST31591;2024-04-03;;365.96
IOH5N;CUST10244;2024-03-21;;14322.44
INRT9;CUST42614;2024-02-24;;798.5
INEWR;CUST74436;2024-09-03;836;1005.19
IN25M;CUST64813;2024-10-12;370;2262.73
IM4ZP;CUST64028;2024-12-17;103;3590.99
IKRP5;CUST64351;2024-04-06;329;1574.97
IK4A2;CUST31591;2024-04-03;;431.35
IJT7N;CUST94218;2024-11-11;;781.15
IJQLW;CUST28400;2024-01-27;;413.49
IIRPF;CUST57692;2024-11-06;446;433.75
IIR7W;CUST44861;2024-09-12;373;257.0
IHO1I;CUST44566;2024-03-12;;214.73
IH3O9;CUST30751;2024-10-10;330;155.34
IGJN3;CUST71644;2024-01-10;;221.82
IGIM8;CUST59197;2024-02-19;;1662.61
IGCWT;CUST21540;2024-09-07;;389.72
IGBHQ;CUST73894;2024-11-27;214;2244.92
IG9DO;CUST88893;2024-08-25;379;1097.37
IDLOI;CUST25017;2024-06-13;;499.26
I9XT2;CUST83289;2024-07-13;;339.71
I9SZV;CUST25737;2024-09-16;238;3335.65
I94BA;CUST91086;2024-02-25;;986.64
I8853;CUST21651;2024-12-22;412;240.47
I7TBV;CUST46280;2024-08-15;103;248.33
I72BD;CUST56105;2024-03-21;;877.88
I70OR;CUST94435;2024-01-13;;394.83
I6Q0M;CUST28001;2024-12-27;896;615.29
I65P2;CUST35460;2024-07-22;;1340.08
I219F;CUST92761;2024-01-12;195;731.36
I1TAY;CUST30732;2024-07-13;;306.1
I1SBC;CUST59197;2024-08-03;471;5156.77
I1N4O;CUST47264;2024-02-15;;422.32
I1A68;CUST67703;2024-09-18;318;5766.6
I12G2;CUST25168;2024-11-26;961;3006.11
I0ZAW;CUST33264;2024-11-09;143;1574.53
HZLQG;CUST18208;2024-10-22;238;333.83
HZJD3;CUST36141;2024-09-07;670;1156.47
HY69G;CUST41834;2024-04-06;;217.14
HXXE8;CUST31299;2024-02-11;;80.88
HXPBF;CUST21838;2024-12-26;;784.6
HXK2G;CUST53488;2024-01-04;;58.38
HWURH;CUST79912;2024-02-23;;2472.35
HV2PX;CUST28877;2024-03-17;;96.51
HT4KL;CUST54993;2024-02-22;;315.69
HSSYN;CUST33798;2024-06-27;;102.84
HPJA3;CUST21615;2024-06-27;;8428.58
HP9SD;CUST53803;2024-04-24;;57.38
HP01A;CUST11916;2024-02-20;;3811.58
HOLKO;CUST84914;2024-01-10;;5898.39
HNPQM;CUST95313;2024-06-10;955;3237.6
HN1Y1;CUST98734;2024-08-20;707;2326.82
HMHZ9;CUST19841;2024-12-01;;781.29
HMH5J;CUST61601;2024-09-29;996;75.13
HLZ8J;CUST35460;2024-04-08;;393.55
HKR8O;CUST63460;2024-01-08;;1153.62
HKLBC;CUST45851;2024-05-21;;1250.72
HKJVB;CUST42968;2024-01-22;;180.16
HIQ5O;CUST93870;2024-02-19;;871.07
HH7WH;CUST67406;2024-06-01;;2927.7
HGGL7;CUST62809;2024-12-13;294;1858.08
HEILM;CUST42396;2024-10-26;495;36.33
HEDUB;CUST57045;2024-10-02;651;2347.06
HE8DC;CUST18436;2024-09-02;684;214.9
HD6US;CUST71644;2024-12-05;836;3012.03
HD4WJ;CUST62884;2024-01-01;;900.78
HCSDT;CUST11397;2024-01-06;;1873.64
HCA6I;CUST35304;2024-02-26;;125.84
HC9Q0;CUST92608;2024-03-02;;612.52
HAAIX;CUST72546;2024-05-14;;135.85
HA429;CUST27338;2024-12-17;510;832.65
H9V74;CUST36142;2024-12-28;556;182.0
H8UH3;CUST16387;2024-02-09;497;1253.26
H885I;CUST90272;2024-01-27;;10828.18
H7COY;CUST37534;2024-01-16;458;1911.26
H79GH;CUST89557;2024-02-04;;599.56
H791P;CUST72814;2024-08-13;651;198.84
H6ZI8;CUST64981;2024-01-08;961;1378.03
H6BKR;CUST27338;2024-11-30;458;261.72
H65UX;CUST33388;2024-07-23;761;123.08
H631G;CUST30112;2024-02-09;;414.39
H61CB;CUST61746;2024-12-16;869;535.89
H5TO5;CUST89916;2024-10-29;472;662.45
H5S1S;CUST34775;2024-02-13;;288.31
H592H;CUST59454;2024-02-20;;1234.39
H4OQM;CUST34513;2024-10-11;510;2061.99
H4LAU;CUST60806;2024-10-21;467;548.4
H3GNB;CUST36142;2024-05-24;467;3353.92
H2HZ2;CUST40174;2024-02-18;;1088.57
H26DW;CUST51271;2024-01-10;;4477.21
H1EZJ;CUST92457;2024-05-24;;220.71
H1B11;CUST77363;2024-04-23;;145.61
H15UA;CUST55235;2024-09-18;593;766.96
GZHO6;CUST67703;2024-08-07;110;435.92
GYSZT;CUST16473;2024-01-13;;869.08
GYF46;CUST37940;2024-11-20;458;2247.89
GY56R;CUST53766;2024-03-23;;24.87
GY0YS;CUST44699;2024-02-05;660;603.06
GX72R;CUST95313;2024-02-08;;217.72
GX6NF;CUST43478;2024-10-31;;298.15
GWNQZ;CUST88384;2024-03-11;;2261.18
GW8XW;CUST14290;2024-11-21;869;203.3
GVTCO;CUST19786;2024-01-02;;182.85
GVITE;CUST87213;2024-06-03;;2125.63
GT4BA;CUST93857;2024-09-01;472;687.77
GSIBX;CUST84889;2024-02-04;;431.89
GSDOI;CUST82571;2024-10-08;660;3566.97
GSDBH;CUST58052;2024-08-20;660;560.06
GS1CH;CUST56641;2024-02-27;904;748.65
GRO2K;CUST55235;2024-03-22;;397.47
GQJTZ;CUST36988;2024-10-15;670;238.54
GQHNY;CUST84835;2024-12-09;651;607.56
GQADE;CUST53264;2024-09-15;826;2515.14
GONK7;CUST85608;2024-04-09;;289.48
GO4ZC;CUST93554;2024-11-09;223;1874.69
GO2U3;CUST47264;2024-04-15;;404.54
GN7IO;CUST61330;2024-06-10;;183.93
GN2PW;CUST86890;2024-10-09;472;4926.82
GLWRG;CUST93245;2024-07-29;;888.13
GKJ74;CUST63114;2024-03-07;;698.21
GK8YB;CUST94804;2024-09-10;;927.46
GI0H1;CUST34279;2024-01-03;;11544.51
GHNMZ;CUST36569;2024-07-03;;32.97
GHF5B;CUST44688;2024-04-15;;623.2
GH53B;CUST93505;2024-01-13;;487.13
GFYE2;CUST31207;2024-03-30;;152.66
GFKL5;CUST75186;2024-09-29;521;237.55
GFJUN;CUST68187;2024-11-04;228;1060.13
GF2YC;CUST53281;2024-11-09;133;2167.06
GEQMI;CUST83336;2024-10-26;186;933.15
GEANW;CUST67095;2024-02-19;;580.47
GE2X7;CUST84340;2024-12-28;826;261.98
GDVHM;CUST54282;2024-04-10;;171.84
GBHHG;CUST49467;2024-09-05;469;151.21
GAL11;CUST30271;2024-06-23;;240.92
G92GY;CUST25168;2024-06-08;;467.43
G81QV;CUST82626;2024-09-26;710;182.73
G7SBC;CUST71864;2024-10-08;110;367.13
G6DGX;CUST99662;2024-01-18;;803.12
G60EG;CUST75637;2024-05-14;;2461.29
G5X9T;CUST13274;2024-11-15;859;311.35
G58CJ;CUST38259;2024-09-12;214;461.12
G4UO3;CUST72643;2024-10-29;961;267.78
G4O7O;CUST18384;2024-10-29;769;765.84
G4GX7;CUST17932;2024-04-18;;497.83
G3NEB;CUST57255;2024-10-04;855;1029.43
G2WCL;CUST80354;2024-02-11;804;300.38
G2W05;CUST82956;2024-05-23;;2219.94
G2CYA;CUST38265;2024-11-27;836;3761.07
G1KSI;CUST42968;2024-12-14;143;562.93
G184B;CUST97034;2024-02-04;;2166.94
G11IS;CUST77494;2024-02-03;110;448.63
G0D3W;CUST24432;2024-10-05;754;194.61
FYJ55;CUST17682;2024-02-05;;5026.3
FXQO3;CUST72546;2024-02-29;;3931.35
FXCWV;CUST34775;2024-04-05;;179.4
FWI1R;CUST26924;2024-12-28;871;1785.94
FWFHX;CUST26668;2024-08-22;379;752.76
FWFHQ;CUST50911;2024-01-22;;373.82
FVUE2;CUST85115;2024-09-29;547;2234.91
FVAOL;CUST85843;2024-03-16;;698.36
FV1ME;CUST20486;2024-09-24;904;3134.64
FUZMU;CUST18208;2024-03-04;;206.18
FUSAH;CUST49458;2024-05-11;;707.72
FUKAB;CUST60137;2024-01-24;;162.83
FTWCR;CUST77490;2024-11-27;214;1076.91
FT5RM;CUST12194;2024-04-18;;1938.9
FR5BY;CUST22883;2024-10-09;543;60.38
FR54L;CUST31882;2024-10-12;707;8089.05
FQR6C;CUST75991;2024-11-16;965;2077.0
FP5UO;CUST78975;2024-09-20;412;1665.65
FNBAE;CUST99485;2024-05-04;;454.92
FM4SW;CUST20486;2024-07-13;;297.85
FKZUL;CUST47908;2024-11-28;914;342.18
FKQWR;CUST99485;2024-01-11;;694.42
FKQIP;CUST73447;2024-12-15;780;649.23
FJTA4;CUST18305;2024-10-30;965;2299.59
FHP8W;CUST47908;2024-03-08;;179.93
FHET0;CUST25329;2024-02-02;;402.82
FGITW;CUST79289;2024-09-17;;2134.78
FGFD4;CUST82464;2024-11-23;279;14873.75
FGEQ5;CUST43401;2024-09-03;914;419.62
FFTBR;CUST85597;2024-01-03;;283.26
FFE5K;CUST40685;2024-11-15;707;394.02
FF6OX;CUST77095;2024-01-05;;300.4
FEUUT;CUST43401;2024-10-14;103;644.6
FE5TE;CUST50005;2024-02-26;;276.99
FE2O3;CUST93857;2024-02-10;;261.26
FDZIO;CUST18780;2024-10-13;521;1149.97
FDOMQ;CUST39170;2024-02-24;;625.65
FDIJA;CUST47951;2024-05-18;;381.79
FD2MW;CUST49864;2024-09-05;;765.96
FC61P;CUST43401;2024-10-16;670;625.24
FBOB3;CUST30059;2024-03-08;;470.4
FAMBO;CUST29989;2024-02-16;;4220.36
FAFM6;CUST79032;2024-09-07;556;404.89
F98PB;CUST61571;2024-08-20;707;1389.48
F95CU;CUST60622;2024-08-11;115;562.25
F84C7;CUST78908;2024-01-12;;1179.93
F7SI2;CUST13740;2024-10-25;232;143.99
F7R7Q;CUST25797;2024-10-03;547;174.43
F7L5S;CUST53264;2024-02-01;;729.79
F6PS6;CUST33906;2024-06-14;;326.36
F6P85;CUST80338;2024-07-31;;152.79
F5KGX;CUST22825;2024-01-14;;1153.31
F4I7Y;CUST36142;2024-05-10;;938.57
F4741;CUST35304;2024-09-24;301;213.0
F466I;CUST85843;2024-04-15;;382.78
F3SHZ;CUST63407;2024-05-30;;213.78
F3D5X;CUST51271;2024-03-14;;3095.56
F32GP;CUST47264;2024-02-07;;1608.19
F2UWY;CUST97457;2024-07-19;;430.26
F2DJE;CUST17863;2024-02-08;;296.6
F242X;CUST94435;2024-11-02;421;1597.39
F11KK;CUST89349;2024-09-13;217;312.95
EZUI3;CUST91304;2024-04-10;;233.41
EZTLO;CUST47264;2024-12-10;780;69.77
EZL7L;CUST91843;2024-06-15;;299.43
EZ62D;CUST75759;2024-03-01;;761.99
EYP75;CUST69885;2024-05-05;;3554.45
EYJVM;CUST18253;2024-03-25;453;1232.75
EXM6G;CUST59441;2024-11-16;556;1361.23
EXENF;CUST85608;2024-08-07;768;4410.17
EW6LH;CUST92330;2024-12-27;457;101.55
EV91A;CUST64210;2024-05-18;;87.92
EV6TG;CUST40042;2024-01-15;;1552.07
EU90X;CUST53766;2024-08-11;355;1845.98
EU34U;CUST43108;2024-10-27;670;192.92
ETG0L;CUST57770;2024-02-23;;524.38
ET9IQ;CUST44426;2024-01-01;;3291.06
ET7Q6;CUST28562;2024-12-11;;125.96
ET0FM;CUST84731;2024-10-14;521;100.45
ESVF6;CUST90866;2024-05-05;;306.53
ERXXM;CUST35718;2024-04-15;;981.44
EQ0EI;CUST61091;2024-09-21;143;899.51
EPU1B;CUST14290;2024-12-22;408;6055.93
EPR1O;CUST22336;2024-02-08;;1516.09
EPIU4;CUST29338;2024-01-20;;2390.81
EP9CZ;CUST92845;2024-06-22;;485.44
EP0RY;CUST49785;2024-07-20;;5012.12
EO7L0;CUST35436;2024-06-07;;1017.75
ENWO1;CUST55308;2024-09-27;780;450.53
ENRDE;CUST25017;2024-09-16;;414.93
EN255;CUST69885;2024-01-24;;6059.56
EMXG2;CUST93010;2024-08-11;768;2284.11
EMN8G;CUST17766;2024-12-03;961;485.76
EMFTF;CUST72915;2024-12-18;896;213.79
EKS8B;CUST16728;2024-03-08;;74.09
EJTHU;CUST19651;2024-11-25;412;1069.85
EHUF5;CUST33906;2024-02-26;;119.65
EGWUM;CUST36988;2024-02-18;;1191.38
EG5MX;CUST74276;2024-12-08;228;2522.3
EDYA6;CUST95109;2024-07-24;;558.04
EDPFI;CUST31710;2024-12-07;495;1119.92
EDMYE;CUST18780;2024-02-16;217;111.93
EDMR9;CUST79528;2024-02-24;;646.9
EDISI;CUST60439;2024-05-03;;146.12
EDHHN;CUST91679;2024-09-26;272;2983.59
ED2AJ;CUST85897;2024-02-27;;1062.68
EBP39;CUST36059;2024-06-04;;333.92
EBHXW;CUST33117;2024-10-27;195;138.51
EAHM0;CUST98991;2024-07-21;;284.49
EAHCD;CUST33906;2024-10-28;446;714.42
EA3VT;CUST60137;2024-12-16;281;222.98
E9K78;CUST13274;2024-02-26;;360.31
E8CDX;CUST98258;2024-11-21;140;271.43
E87SB;CUST41834;2024-03-08;;4981.5
E7PVC;CUST60137;2024-03-12;;397.7
E710T;CUST97261;2024-12-19;955;164.68
E69ZW;CUST87284;2024-12-29;896;910.78
E61DE;CUST82691;2024-06-14;;459.93
E5H8C;CUST11609;2024-01-26;;153.58
E486Z;CUST35460;2024-05-26;;78.55
E3SDG;CUST89349;2024-12-14;480;1700.05
E2I5S;CUST23780;2024-04-20;;436.94
E21DW;CUST18781;2024-03-02;;293.69
E1FMM;CUST27338;2024-01-28;;965.18
DZUGA;CUST37534;2024-10-03;376;303.7
DWXMS;CUST77390;2024-07-18;;5818.98
DVWC7;CUST33854;2024-01-10;;538.24
DVBRI;CUST36714;2024-11-26;457;388.54
DURQA;CUST79032;2024-02-11;;569.72
DUJUY;CUST51506;2024-02-24;;746.24
DUGIH;CUST10429;2024-01-30;;1542.89
DPFGU;CUST79046;2024-09-26;965;795.29
DO4A6;CUST37940;2024-03-20;;167.5
DMLTX;CUST36059;2024-02-20;;653.35
DM6NP;CUST71197;2024-02-07;;1912.99
DM31A;CUST46581;2024-12-29;;217.66
DLTSH;CUST71535;2024-05-17;;1953.51
DLS7M;CUST84004;2024-12-30;;903.41
DK7JA;CUST80290;2024-05-21;;161.46
DI472;CUST58618;2024-09-03;826;1225.47
DH9O9;CUST85115;2024-02-08;;9.84
DGNSR;CUST90447;2024-09-02;804;12918.91
DG3RX;CUST92761;2024-11-18;555;7424.63
DG0UJ;CUST78877;2024-10-12;543;2263.76
DFNKD;CUST35949;2024-02-28;;169.88
DFAKK;CUST74436;2024-03-15;;421.77
DF7MV;CUST80290;2024-06-08;294;1445.23
DF34H;CUST34775;2024-11-11;698;114.97
DEQFY;CUST56641;2024-06-08;;274.88
DEO6X;CUST56738;2024-10-20;355;144.27
DELIK;CUST36276;2024-11-03;770;829.07
DEEK6;CUST72825;2024-01-07;;459.55
DDHRJ;CUST73481;2024-03-30;;335.69
DD9TC;CUST62592;2024-03-07;;5859.82
DBUI7;CUST17849;2024-10-27;521;213.94
DBBTB;CUST18587;2024-01-29;;1290.92
DAL17;CUST19986;2024-03-07;;2889.46
DAAH5;CUST11190;2024-09-23;214;229.32
DA9BV;CUST96870;2024-09-26;531;1125.83
DA9A5;CUST89916;2024-11-10;272;472.73
D8RQX;CUST82464;2024-04-05;;1085.72
D87YO;CUST48586;2024-01-25;;324.21
D7Z32;CUST88616;2024-06-14;;281.85
D7IET;CUST16273;2024-02-14;;1571.15
D6XFN;CUST33281;2024-10-14;500;292.45
D6JPR;CUST22883;2024-06-26;;15969.35
D5SZF;CUST26601;2024-01-14;;40.47
D5PM3;CUST90272;2024-03-19;;1153.73
D554T;CUST91304;2024-01-29;;229.71
D3SGV;CUST51798;2024-03-23;;611.63
D2T3Y;CUST16498;2024-10-24;510;310.38
D1MUR;CUST13481;2024-07-11;;2331.26
D1L2L;CUST35004;2024-11-10;859;1747.54
D0KRT;CUST14214;2024-12-25;172;174.81
D0DXL;CUST10017;2024-07-12;;941.74
CZCTI;CUST85606;2024-01-22;;286.52
CZ5FO;CUST38598;2024-12-17;908;601.92
CYQQ6;CUST67095;2024-10-16;444;222.75
CY7JR;CUST91843;2024-06-11;;461.08
CXKMM;CUST15095;2024-01-15;;194.98
CX4EH;CUST38265;2024-10-09;754;3389.59
CWV1F;CUST67610;2024-11-05;853;329.49
CWR1D;CUST79046;2024-02-20;;472.74
CWFJO;CUST32359;2024-01-07;;175.83
CSXYA;CUST74378;2024-04-20;;557.98
CQXPI;CUST37534;2024-01-25;;311.91
CQW3D;CUST78775;2024-05-23;;486.59
CO7JJ;CUST63432;2024-12-23;710;497.49
CO15L;CUST27894;2024-08-10;491;432.24
CN5YH;CUST59284;2024-11-15;376;1281.47
CN0UD;CUST95313;2024-11-16;939;2932.82
CMYCG;CUST61001;2024-04-15;;136.07
CMPTH;CUST64527;2024-12-26;469;69.98
CLLQ2;CUST60953;2024-02-13;;270.77
CKALQ;CUST65734;2024-09-17;491;2097.7
CI9WR;CUST85897;2024-01-19;;210.72
CHLOL;CUST62973;2024-01-29;;1042.0
CGVID;CUST20489;2024-08-30;272;563.93
CGNQD;CUST96904;2024-03-12;548;549.84
CF38O;CUST32145;2024-03-02;;1554.37
CEL6J;CUST52062;2024-08-13;739;760.58
CEE0H;CUST26668;2024-04-23;859;7220.63
CE02I;CUST39585;2024-05-12;;5274.71
CDY9V;CUST63811;2024-01-10;;405.87
CC7CU;CUST22112;2024-05-02;;1117.3
C9JO6;CUST16905;2024-12-25;521;464.99
C74HV;CUST39135;2024-10-24;593;311.31
C712I;CUST72915;2024-03-18;;13266.8
C5RNX;CUST78975;2024-03-10;195;282.61
C4Y5H;CUST13481;2024-03-06;;790.86
C4Q01;CUST33615;2024-11-01;279;16.55
C3R95;CUST85527;2024-01-12;;255.92
C34G8;CUST54248;2024-01-09;;140.34
C2Z36;CUST22825;2024-12-21;467;210.21
C2XL4;CUST52069;2024-07-05;;545.43
C29U1;CUST13740;2024-03-29;;373.79
C28F2;CUST73745;2024-08-26;194;297.45
C25LS;CUST86926;2024-01-30;;417.01
C1P2Q;CUST28562;2024-04-04;;215.72
C0QD4;CUST26477;2024-02-20;;1453.58
C0BA5;CUST49632;2024-12-13;495;69.65
BYXBT;CUST18384;2024-06-04;;891.07
BYRT9;CUST36059;2024-05-05;;1498.4
BX07E;CUST44861;2024-08-02;103;243.09
BWWPM;CUST85328;2024-03-10;;850.37
BW3M5;CUST36239;2024-02-08;;137.36
BSXLW;CUST34775;2024-06-07;904;5735.22
BSXCX;CUST35949;2024-11-30;593;260.91
BRNWO;CUST63259;2024-09-22;908;2559.11
BRHER;CUST75479;2024-01-12;;719.95
BRGU6;CUST74276;2024-01-31;;489.18
BR1HK;CUST43108;2024-09-27;763;2920.75
BPVXH;CUST86926;2024-10-25;722;108.95
BPU4Z;CUST71197;2024-01-26;;294.35
BP7RZ;CUST32145;2024-07-13;;389.34
BP5ZT;CUST83587;2024-01-06;;89.46
BN11M;CUST16273;2024-11-24;580;168.98
BM3RD;CUST79528;2024-08-19;547;2123.98
BM37T;CUST34257;2024-02-29;804;360.38
BKQYE;CUST84315;2024-09-17;961;271.57
BJU46;CUST44566;2024-11-09;491;40927.02
BJT3U;CUST59284;2024-03-06;580;387.3
BIZTJ;CUST85608;2024-02-27;;161.84
BIWLA;CUST17768;2024-02-01;;1179.32
BI4GQ;CUST61601;2024-03-22;769;68.8
BGV8O;CUST85328;2024-10-02;;233.02
BGSB5;CUST20139;2024-06-29;;281.59
BFJH5;CUST18587;2024-12-12;250;58.59
BFEDU;CUST84835;2024-09-10;472;779.44
BF5QI;CUST46633;2024-12-09;769;99.34
BCAQ2;CUST72546;2024-06-25;;564.92
BAP2G;CUST63407;2024-10-24;214;559.43
BA5I8;CUST29338;2024-12-28;340;1816.48
B9OF0;CUST25896;2024-11-16;373;1064.65
B9KY2;CUST46929;2024-01-22;;760.4
B9GFD;CUST60376;2024-10-25;856;578.74
B7HBU;CUST92845;2024-01-06;;215.79
B7H84;CUST36142;2024-11-14;314;290.4
B6CCX;CUST92182;2024-12-08;103;151.56
B5PDG;CUST14827;2024-10-26;722;945.04
B4WTB;CUST73598;2024-03-05;;649.17
B3VI1;CUST46280;2024-03-04;;277.17
B3M8J;CUST44699;2024-03-21;;301.06
B3CFD;CUST26601;2024-12-04;996;292.89
B2V7R;CUST64351;2024-09-02;783;118.63
B1UE5;CUST51798;2024-02-05;;566.89
B18J6;CUST68091;2024-10-28;376;60.25
AZVBU;CUST92874;2024-12-19;318;3936.07
AZQOW;CUST63259;2024-01-09;217;18612.67
AZ9K0;CUST78528;2024-08-25;340;2284.56
AYLTB;CUST36141;2024-02-24;;579.2
AX4ER;CUST26668;2024-03-15;;345.87
AWNT2;CUST14706;2024-12-16;330;1921.28
AW7E2;CUST35304;2024-10-18;780;1071.99
AW693;CUST80290;2024-01-26;;1073.39
AUSX8;CUST72643;2024-05-09;;655.12
AUKNO;CUST17766;2024-02-10;;488.98
ATQQB;CUST91719;2024-02-10;;1757.94
ATLL4;CUST41834;2024-09-21;;652.65
ATKZZ;CUST99574;2024-10-10;684;211.52
ATK77;CUST95109;2024-03-30;;763.8
ASTN9;CUST71535;2024-03-07;;4658.92
ASO0G;CUST17400;2024-04-19;;4232.64
AS350;CUST24370;2024-03-14;;1321.99
AQ9SB;CUST65635;2024-12-19;355;2807.27
AOX6T;CUST97457;2024-10-24;780;30993.28
AOAEM;CUST79266;2024-05-20;;1090.74
AO4ZM;CUST61746;2024-01-17;;39.96
ANTUH;CUST96160;2024-02-23;;992.89
ANF05;CUST66698;2024-04-12;;15191.14
AMWLJ;CUST97261;2024-02-14;;638.48
AMCSX;CUST69084;2024-01-10;;336.35
ALD79;CUST90555;2024-03-31;279;2339.79
AL62Q;CUST88384;2024-03-30;;199.02
AL2LM;CUST86841;2024-01-15;;543.84
AKK1E;CUST94318;2024-04-23;;272.64
AK417;CUST36059;2024-12-04;;118.99
AK3DS;CUST13274;2024-02-03;;185.4
AJZY2;CUST64527;2024-11-26;869;269.5
AJ2AN;CUST17154;2024-03-07;;305.07
AICGS;CUST38918;2024-07-06;;261.92
AIB9U;CUST64527;2024-08-15;355;53.41
AI996;CUST62369;2024-06-16;;8282.56
AHE5A;CUST37502;2024-05-09;;153.42
AGYEP;CUST25961;2024-07-15;;588.24
AFVQO;CUST65944;2024-01-13;;104.81
AFIHS;CUST99872;2024-02-23;;106.89
AFEEP;CUST82028;2024-11-14;355;204.27
AFB8H;CUST12200;2024-03-14;;311.58
AD65S;CUST84871;2024-07-03;;505.92
ABTJI;CUST45242;2024-07-23;;11411.66
ABRGM;CUST41198;2024-11-06;;721.96
AB851;CUST81247;2024-10-30;281;31.67
AAIP0;CUST92761;2024-03-21;;113.59
A86RN;CUST89557;2024-03-29;;1871.92
A6VO9;CUST99570;2024-10-02;763;1730.26
A62I7;CUST92182;2024-06-01;;172.61
A5SCT;CUST57255;2024-08-14;965;551.83
A52AE;CUST22825;2024-11-04;133;1235.29
A45C2;CUST77490;2024-05-03;365;609.84
A2GW2;CUST60165;2024-02-01;;4066.09
A2F54;CUST25896;2024-03-10;;282.85
A2ATD;CUST77095;2024-04-23;;386.5
A1EIU;CUST31591;2024-02-15;;70.56
A0S5S;CUST46633;2024-02-23;;1082.59
9YYCD;CUST25582;2024-10-15;;1017.49
9YBQT;CUST94382;2024-01-18;;657.91
9XQ07;CUST83847;2024-10-08;314;983.86
9WFX9;CUST73745;2024-08-26;376;804.02
9WCKQ;CUST30059;2024-11-13;110;663.05
9W602;CUST36141;2024-01-09;;2352.05
9W3B5;CUST94804;2024-02-26;;223.6
9W1G8;CUST22491;2024-10-23;548;227.85
9UAS2;CUST38598;2024-11-04;365;1967.73
9TU8S;CUST59548;2024-08-25;869;15214.17
9TG9U;CUST44870;2024-09-03;;21037.36
9ST6O;CUST13815;2024-09-26;329;501.95
9SIW7;CUST46431;2024-01-27;;1798.26
9R5XY;CUST25582;2024-06-17;;2210.13
9Q9DH;CUST97252;2024-10-13;172;230.48
9OYPF;CUST35569;2024-12-04;;551.57
9OIV9;CUST32145;2024-07-11;;296.29
9M8XS;CUST59505;2024-09-23;590;3447.85
9M7IQ;CUST10684;2024-09-09;373;3513.22
9LHXE;CUST40174;2024-07-16;;1202.16
9KVPV;CUST64527;2024-11-03;472;665.1
9KUDK;CUST21540;2024-03-03;;1045.96
9KSPP;CUST79528;2024-07-31;;550.14
9J1XA;CUST31358;2024-05-24;;169.03
9IWJ3;CUST72791;2024-02-08;;285.84
9GTPR;CUST77390;2024-11-27;768;1736.35
9G4TN;CUST88586;2024-12-28;214;1391.54
9FRT2;CUST20489;2024-01-07;;108.86
9EQHK;CUST79266;2024-03-09;;298.86
9E2KP;CUST27338;2024-10-22;660;356.82
9E22L;CUST11921;2024-01-21;;8007.19
9DI7U;CUST95551;2024-09-02;373;771.03
9C71Y;CUST30271;2024-09-03;301;7310.89
9AZ24;CUST17459;2024-03-26;;648.57
99GRG;CUST51588;2024-03-17;;1251.07
98K1I;CUST59227;2024-10-16;896;1617.44
97XJB;CUST89302;2024-10-23;547;544.93
970HO;CUST14214;2024-06-05;355;192.29
96QSU;CUST78908;2024-11-16;186;4563.83
95P41;CUST10701;2024-03-21;;59.71
9574O;CUST38089;2024-01-23;;216.63
94TA3;CUST72825;2024-10-13;446;314.93
944PB;CUST59284;2024-06-10;;265.82
93TP6;CUST35569;2024-03-12;511;5590.85
93QFV;CUST64210;2024-09-17;;2213.08
91OIJ;CUST33264;2024-08-21;495;280.03
9181A;CUST33388;2024-04-14;;3390.34
8ZEDJ;CUST38259;2024-03-07;;358.03
8XOH6;CUST35004;2024-11-29;556;2749.77
8XMFF;CUST71535;2024-01-05;;1953.66
8XH4B;CUST78497;2024-01-30;;184.51
8WNS8;CUST89916;2024-04-15;;1550.25
8VM3B;CUST37888;2024-04-23;;717.75
8UKG6;CUST39085;2024-10-31;238;481.27
8U55B;CUST14827;2024-06-12;;360.5
8T613;CUST32359;2024-02-29;;560.79
8SJ6N;CUST73382;2024-10-31;778;1004.07
8QUXW;CUST69326;2024-05-18;;1030.97
8QPRU;CUST71693;2024-08-07;651;232.95
8PE32;CUST59454;2024-03-09;;700.61
8PCAW;CUST72546;2024-12-22;804;10090.06
8OMEZ;CUST44062;2024-02-23;;761.83
8MV88;CUST27761;2024-07-06;;482.02
8MPU5;CUST72791;2024-09-09;223;949.28
8MH4M;CUST82691;2024-04-30;;2293.14
8MB9C;CUST17400;2024-01-29;804;317.2
8JJMA;CUST15528;2024-12-25;871;3288.41
8IUXE;CUST24560;2024-03-04;;329.53
8INSF;CUST85606;2024-11-08;382;781.47
8I3DJ;CUST22207;2024-02-06;;112.53
8I24A;CUST28562;2024-05-13;;693.19
8GZPK;CUST72288;2024-12-15;768;463.55
8GIOV;CUST53754;2024-11-15;543;2372.05
8G41K;CUST30112;2024-11-09;365;117.8
8G2YK;CUST87720;2024-05-14;;245.2
8FWRI;CUST90749;2024-10-10;707;476.34
8FDFR;CUST14214;2024-12-30;871;485.55
8EYU5;CUST14646;2024-12-20;140;73.31
8EUH6;CUST37912;2024-01-20;698;638.25
8DVP6;CUST57599;2024-05-28;;44.22
8DML3;CUST56235;2024-01-20;;984.5
8CTW4;CUST63811;2024-10-18;;269.39
8BB88;CUST57599;2024-02-10;;163.68
89BQJ;CUST20486;2024-09-08;555;838.21
87G2Y;CUST97034;2024-09-25;965;343.84
863HU;CUST59505;2024-12-18;172;2377.44
85DYF;CUST25085;2024-02-28;;964.16
855K1;CUST98490;2024-12-11;826;1089.9
84XUQ;CUST39862;2024-03-01;;1127.52
84B1K;CUST17682;2024-06-26;;324.16
847W9;CUST48586;2024-10-02;778;899.72
842H1;CUST30326;2024-09-20;458;3102.75
83YQ9;CUST33388;2024-12-19;;631.39
83BR6;CUST97252;2024-03-06;;189.96
824S0;CUST86678;2024-09-17;373;5019.92
81XLU;CUST98258;2024-02-07;;4630.22
81K2I;CUST31207;2024-11-07;355;256.86
80GPC;CUST62884;2024-02-28;;334.21
7ZMZR;CUST29860;2024-02-02;;11029.27
7YKDF;CUST18305;2024-09-21;555;180.33
7Y07Z;CUST31133;2024-02-08;;718.27
7XZU2;CUST30112;2024-10-02;279;3095.21
7XHF6;CUST43484;2024-03-20;;305.48
7WWVS;CUST32145;2024-07-02;;164.95
7WQV1;CUST19651;2024-03-04;;273.43
7VJEP;CUST73374;2024-02-12;;809.08
7VA96;CUST24199;2024-01-09;;495.04
7TRXM;CUST38259;2024-11-06;783;1316.8
7TPSV;CUST82573;2024-06-02;;1146.61
7TH7H;CUST59807;2024-03-18;;60.35
7T5PQ;CUST73598;2024-10-04;408;147.67
7RHO7;CUST15095;2024-07-17;;128.63
7R7OA;CUST23036;2024-09-12;;2371.26
7R3S1;CUST27097;2024-12-26;761;949.04
7QTP0;CUST41526;2024-11-08;365;1898.41
7QM90;CUST33117;2024-01-21;;3246.91
7OKH9;CUST62809;2024-03-21;;279.3
7NO96;CUST96870;2024-03-12;;479.69
7MHBQ;CUST44426;2024-09-24;370;327.04
7M2L2;CUST73447;2024-03-12;133;42.35
7LGCR;CUST29860;2024-09-06;814;973.71
7JIEY;CUST85527;2024-09-12;;765.8
7JB0L;CUST88678;2024-01-28;;1379.36
7ITYX;CUST21014;2024-07-21;;1229.16
7INEC;CUST92845;2024-01-19;;2050.43
7IL5J;CUST82573;2024-02-23;;435.0
7I8CI;CUST25085;2024-11-08;850;915.06
7H2M3;CUST39862;2024-01-21;;378.24
7GBG7;CUST30894;2024-06-23;;113.82
7G2YZ;CUST55308;2024-07-25;;170.82
7EMJ4;CUST77852;2024-11-08;770;117.54
7E00T;CUST42074;2024-01-13;;239.01
7D15C;CUST78975;2024-12-01;790;324.81
7CZMD;CUST84004;2024-12-04;809;158.83
7CZ2H;CUST27761;2024-01-29;;81.95
7CQJK;CUST19645;2024-10-06;272;35.83
7C748;CUST81247;2024-09-18;281;116.75
7BWO6;CUST14827;2024-09-24;469;113.01
7BSXS;CUST14037;2024-02-12;;10403.72
7B3T9;CUST65133;2024-01-28;;2587.67
7AQR2;CUST62025;2024-06-25;362;209.07
7A30F;CUST53766;2024-12-01;458;2554.79
79UPZ;CUST56242;2024-06-12;194;643.42
79GDK;CUST28001;2024-07-29;;7926.55
7933U;CUST82626;2024-03-10;;94.85
78HOR;CUST90555;2024-10-14;670;584.42
78A6L;CUST18208;2024-11-10;133;120.82
782SI;CUST21592;2024-03-18;;753.43
77RRP;CUST32659;2024-01-17;;224.68
76O0B;CUST82550;2024-01-04;;517.9
76EIG;CUST16011;2024-06-11;;224.09
76CDR;CUST16011;2024-12-05;250;797.32
76A41;CUST84293;2024-05-20;;1521.21
75EEQ;CUST90137;2024-06-20;;295.32
7576D;CUST63460;2024-12-16;;404.18
74TBG;CUST72915;2024-08-22;472;271.68
74K73;CUST17682;2024-02-01;;610.73
747R0;CUST34002;2024-06-07;;583.8
72K8D;CUST42862;2024-07-18;;1228.11
726SR;CUST13905;2024-03-18;;241.29
71RTF;CUST40628;2024-01-03;;595.87
716CU;CUST78908;2024-02-16;;1210.79
702UZ;CUST14048;2024-03-24;;29.98
6Y1CY;CUST16387;2024-08-24;491;202.45
6XURW;CUST94176;2024-10-10;908;606.66
6WOHF;CUST50801;2024-02-08;;472.04
6W5W2;CUST84988;2024-03-03;;694.55
6VMDR;CUST16905;2024-06-06;896;917.75
6U2PE;CUST38594;2024-08-26;491;409.4
6TFOV;CUST27189;2024-03-01;;16.67
6STBV;CUST94176;2024-07-18;;1624.36
6SL4Q;CUST21838;2024-02-05;;602.38
6RWFY;CUST84835;2024-10-19;382;1154.38
6RDHG;CUST51271;2024-07-24;;956.28
6QCM2;CUST43478;2024-03-08;739;449.07
6PU3F;CUST79266;2024-06-30;;303.32
6PFGB;CUST67406;2024-06-14;;105.57
6PEZH;CUST86105;2024-11-24;754;2268.12
6P7YC;CUST97404;2024-12-15;250;543.1
6P3VZ;CUST45242;2024-12-16;945;5634.68
6ME78;CUST54653;2024-09-05;;719.01
6ME3O;CUST30112;2024-12-08;;1255.43
6MANU;CUST56242;2024-09-23;763;4507.59
6LJAO;CUST99872;2024-12-18;996;48.99
6L9UW;CUST28001;2024-02-20;;165.58
6L6HH;CUST60137;2024-12-01;593;6703.77
6J4NF;CUST18444;2024-07-11;;488.34
6IY4F;CUST38676;2024-01-10;;128.84
6IWPP;CUST37070;2024-06-23;;2843.32
6INO6;CUST14550;2024-09-16;850;377.29
6H8WZ;CUST76686;2024-03-11;763;15019.98
6FSYP;CUST99574;2024-01-24;;1672.77
6FDUS;CUST43401;2024-03-18;;3063.37
6DP7J;CUST31133;2024-03-12;;970.28
6D6QY;CUST49632;2024-03-19;;162.87
6C4SI;CUST84004;2024-03-25;159;119.49
6B2JQ;CUST49458;2024-02-18;;4816.5
69H3A;CUST17682;2024-05-18;;1581.04
67Z83;CUST14987;2024-02-04;;251.16
67VXX;CUST29851;2024-01-26;;518.14
67NRI;CUST85608;2024-10-02;722;165.62
67BIS;CUST21592;2024-12-25;833;1036.95
66ECE;CUST75637;2024-06-14;804;547.83
6633Y;CUST53754;2024-10-20;833;7450.18
64VAB;CUST54536;2024-08-03;722;439.75
64A8A;CUST91719;2024-09-25;140;289.9
63UPP;CUST73193;2024-03-24;;580.95
63J5S;CUST22336;2024-09-21;294;926.0
6358Z;CUST60622;2024-01-21;;1383.64
634U8;CUST68793;2024-03-16;;382.63
62CPJ;CUST89491;2024-02-25;340;278.43
61CER;CUST13905;2024-10-02;904;459.84
60UEQ;CUST60137;2024-03-23;945;680.7
60AN0;CUST80624;2024-12-04;103;778.11
5ZUAT;CUST59807;2024-12-20;790;183.07
5ZC2R;CUST80698;2024-11-06;778;186.01
5Z3BR;CUST30751;2024-02-15;362;754.67
5Z0RA;CUST38598;2024-01-18;;945.63
5YQML;CUST84780;2024-01-06;;1011.01
5YJR4;CUST74378;2024-11-13;555;62.99
5YEZ2;CUST51812;2024-09-18;707;925.32
5XM1Y;CUST80338;2024-02-08;;174.04
5VO9I;CUST44703;2024-03-04;;842.47
5UZ7F;CUST84731;2024-10-12;769;293.04
5S2PU;CUST49256;2024-01-03;471;395.01
5RRR0;CUST26924;2024-07-11;;1785.58
5QT1H;CUST85843;2024-02-18;;516.66
5Q8L7;CUST73745;2024-01-05;;384.82
5PJOO;CUST43803;2024-02-04;;1531.25
5PCYF;CUST47480;2024-07-06;;502.34
5OPEH;CUST33906;2024-06-27;314;195.72
5OIAI;CUST38643;2024-09-10;238;31.47
5MKAM;CUST32886;2024-03-15;;514.94
5M76G;CUST39653;2024-09-07;370;2127.66
5LPKF;CUST20489;2024-02-19;;109.42
5L6FQ;CUST16728;2024-01-08;;123.52
5L62L;CUST60376;2024-01-25;;1040.51
5KM1X;CUST84004;2024-08-19;859;524.18
5KJMM;CUST90555;2024-10-15;143;502.22
5IS7E;CUST31131;2024-03-06;;217.4
5IGM5;CUST10889;2024-12-19;869;196.9
5IDR0;CUST32145;2024-09-04;769;4353.17
5IDEN;CUST28691;2024-04-02;;113.24
5GP3Q;CUST67406;2024-07-19;;705.45
5GNQN;CUST16197;2024-02-10;;100.52
5GKSM;CUST17459;2024-03-08;;329.57
5FWYI;CUST35082;2024-01-14;722;1023.54
5FVKZ;CUST17871;2024-01-10;;387.68
5EFND;CUST92874;2024-02-25;;335.46
5E7JD;CUST22825;2024-01-13;;443.19
5DXWI;CUST38259;2024-07-23;;429.21
5DXOM;CUST74689;2024-01-12;;258.23
5DWCV;CUST66017;2024-01-20;;78.13
5DQKP;CUST61330;2024-02-15;;647.65
5DADT;CUST32886;2024-06-09;;492.45
5D0KF;CUST11190;2024-02-25;;405.1
5CJ1A;CUST60376;2024-03-22;;903.53
5CFXP;CUST79528;2024-05-13;;624.16
5B5SV;CUST69885;2024-09-04;826;84.99
59Q00;CUST73894;2024-02-21;;231.28
58YLV;CUST52010;2024-06-04;;1999.01
58ID7;CUST82573;2024-05-16;;320.29
56QMW;CUST11921;2024-08-05;;5127.48
56L0K;CUST90447;2024-01-07;;1201.86
55YFJ;CUST88384;2024-09-06;;88.94
55F35;CUST92608;2024-09-24;250;539.1
544K1;CUST54993;2024-03-02;;550.49
540LV;CUST88384;2024-12-08;871;195.21
53TCT;CUST34514;2024-01-18;;509.19
52P7T;CUST39525;2024-05-30;;198.45
4ZITW;CUST49467;2024-03-27;996;990.88
4ZGXV;CUST11916;2024-08-16;856;218.36
4Z9CB;CUST84835;2024-02-26;;670.81
4Z18Y;CUST79705;2024-03-22;;385.89
4YIHJ;CUST73447;2024-08-30;698;984.9
4YB32;CUST49785;2024-11-27;272;663.47
4XU5K;CUST99872;2024-12-18;739;287.77
4XHIE;CUST55308;2024-09-13;217;12466.5
4XAMV;CUST54993;2024-09-20;590;205.63
4X94Z;CUST59197;2024-03-17;217;1401.8
4X5RU;CUST40042;2024-11-28;;306.02
4WKJ9;CUST93010;2024-02-03;;135.9
4WAC4;CUST95109;2024-12-01;754;3109.92
4W4R2;CUST96870;2024-03-22;;755.0
4W15R;CUST17373;2024-02-29;;628.88
4VRZL;CUST80290;2024-11-25;497;583.41
4V850;CUST90749;2024-03-01;376;30.36
4TXXX;CUST72814;2024-06-04;;56.82
4TR54;CUST20139;2024-08-24;783;141.74
4TCM3;CUST17154;2024-01-13;;1769.13
4R6UG;CUST84871;2024-08-19;;555.06
4PMW8;CUST99872;2024-04-01;;278.55
4OIIS;CUST22207;2024-02-19;;144.81
4NO30;CUST25961;2024-12-14;780;265.37
4ND85;CUST66698;2024-09-07;761;1351.92
4N7E0;CUST96439;2024-02-02;;462.5
4LJC0;CUST10709;2024-12-09;580;2537.78
4LCLF;CUST92125;2024-07-18;;2728.49
4L3HQ;CUST91330;2024-11-18;722;981.64
4KKEO;CUST47264;2024-03-11;;208.14
4KH4A;CUST72915;2024-05-23;;6703.06
4K98Z;CUST69473;2024-02-06;;233.87
4IYGV;CUST93245;2024-06-23;;119.94
4IC5D;CUST84835;2024-10-07;469;218.9
4HXQN;CUST51588;2024-02-11;;559.21
4GTS1;CUST95189;2024-05-29;;50.74
4FUKY;CUST53803;2024-03-14;;845.83
4EB6L;CUST91330;2024-01-21;761;1343.87
4DMR3;CUST84731;2024-02-11;;374.33
4D8ML;CUST84914;2024-01-12;;838.04
4CVBL;CUST74276;2024-04-17;;131.75
4C8UU;CUST14550;2024-01-21;856;458.98
4BYOL;CUST43484;2024-01-22;;1390.94
4AQOZ;CUST54536;2024-10-17;412;1289.94
4AE59;CUST30326;2024-04-16;;658.93
4A49G;CUST73745;2024-09-05;778;164.3
485T7;CUST89430;2024-12-09;115;647.25
47NMO;CUST68187;2024-02-04;;244.93
47FDK;CUST43108;2024-09-28;301;410.07
46U0Q;CUST31710;2024-02-03;;2215.02
46NNJ;CUST77641;2024-03-09;;1196.9
46C7G;CUST67095;2024-12-10;382;215.76
45JRM;CUST56927;2024-01-05;;949.64
44UXF;CUST38259;2024-09-18;;165.86
44UMQ;CUST19651;2024-07-22;;1941.71
448O1;CUST18898;2024-01-22;;558.45
43CTS;CUST40685;2024-12-26;;317.14
41I9X;CUST52290;2024-03-05;;663.66
411CB;CUST96739;2024-01-13;;247.28
40WHK;CUST86105;2024-03-10;;2377.59
40HS2;CUST13725;2024-11-23;;74.85
40EHT;CUST53281;2024-05-21;;1347.66
4040R;CUST55308;2024-01-04;;784.07
3ZV1W;CUST41526;2024-02-20;;147.44
3ZCZ8;CUST84914;2024-01-06;;3178.84
3Z1FN;CUST65133;2024-11-23;329;791.58
3YUZ6;CUST12194;2024-01-02;;155.9
3YMG2;CUST93554;2024-03-09;;77.2
3X4L2;CUST18780;2024-04-07;;756.1
3WTD9;CUST88505;2024-10-29;140;957.16
3VE4M;CUST25138;2024-01-25;;2555.85
3V4HX;CUST43900;2024-01-02;;423.4
3UXEX;CUST82956;2024-02-10;143;13749.04
3UDXU;CUST98592;2024-03-19;869;645.98
3U02Q;CUST45579;2024-02-22;;590.86
3TS20;CUST33798;2024-07-04;;9349.16
3SV5W;CUST60439;2024-10-25;770;1657.81
3S3EC;CUST28242;2024-06-18;;170.98
3ROFR;CUST93170;2024-12-15;279;1818.28
3RDR4;CUST98991;2024-11-20;778;1412.61
3R6LD;CUST26823;2024-11-22;890;257.25
3QSPH;CUST40628;2024-05-05;;258.54
3QQ6N;CUST43463;2024-03-14;965;387.71
3QGEC;CUST77852;2024-05-01;;117.86
3PGX9;CUST37888;2024-02-04;;307.12
3OQZX;CUST85527;2024-01-03;;1600.08
3OIUL;CUST29338;2024-03-25;;198.88
3OBT4;CUST13740;2024-03-30;;288.98
3NBUK;CUST64028;2024-12-31;;150.38
3N7Z4;CUST75637;2024-07-16;;337.95
3N7ES;CUST77139;2024-09-11;238;1082.81
3LW9P;CUST51812;2024-11-24;;2405.39
3LA8T;CUST62492;2024-02-02;;157.25
3L2K1;CUST79912;2024-11-25;768;2254.68
3KSGA;CUST13740;2024-07-17;;4855.64
3JBA7;CUST82573;2024-11-24;510;703.51
3ITNC;CUST77641;2024-05-16;;311.83
3ISMY;CUST99570;2024-03-04;;1365.39
3I4PF;CUST97457;2024-01-10;;1635.88
3GDFJ;CUST62141;2024-06-01;;1397.35
3GB2B;CUST53766;2024-07-15;;1625.06
3F0ET;CUST79266;2024-09-29;370;62.29
3EB9G;CUST62113;2024-12-21;853;762.67
3DZ6M;CUST99574;2024-04-02;;3504.21
3DVFM;CUST30894;2024-06-05;;316.17
3CTQ9;CUST43900;2024-11-28;521;5334.38
3C962;CUST18587;2024-02-10;;1309.77
3AWHY;CUST59441;2024-01-01;500;1801.26
37X9D;CUST93554;2024-03-07;;237.05
37QAV;CUST65635;2024-09-16;590;343.32
36CWC;CUST47795;2024-03-21;;849.06
35ZQL;CUST33264;2024-04-13;;3333.45
35UW5;CUST68091;2024-01-05;;263.32
35SGI;CUST91220;2024-09-23;497;548.23
34QPK;CUST22336;2024-08-15;955;1017.47
33RWQ;CUST82606;2024-03-13;;16987.68
33OTC;CUST52062;2024-01-18;;256.82
33DOB;CUST59964;2024-06-13;961;285.93
30MBT;CUST24703;2024-06-02;382;6216.38
2ZWSQ;CUST31299;2024-10-20;651;168.17
2ZNGE;CUST18780;2024-01-23;;175.92
2ZJWS;CUST14827;2024-05-28;;577.76
2ZIBI;CUST22037;2024-12-23;330;1909.74
2ZH07;CUST41834;2024-09-05;110;70.49
2YTX5;CUST19841;2024-01-04;;352.23
2Y5PP;CUST31207;2024-07-04;;352.12
2XINC;CUST76809;2024-01-03;;798.58
2WKNR;CUST31882;2024-04-22;;673.9
2VPPD;CUST11916;2024-04-30;;6745.32
2VDVP;CUST65666;2024-04-03;;170.98
2V0QY;CUST29860;2024-11-25;521;183.82
2UWTI;CUST28691;2024-11-12;;119.9
2ULAK;CUST11609;2024-11-28;228;266.02
2TQSJ;CUST82571;2024-03-14;;562.03
2QKGK;CUST82464;2024-03-23;;96.8
2PYRE;CUST48280;2024-01-31;521;1059.31
2PWVD;CUST79289;2024-01-01;;238.77
2PP7B;CUST25017;2024-09-19;194;111.0
2P7SD;CUST56242;2024-12-06;961;362.8
2P2TD;CUST72643;2024-02-28;;406.57
2OW6A;CUST85527;2024-05-30;;250.35
2O8Z6;CUST63684;2024-02-29;;730.13
2MN7X;CUST30326;2024-02-18;;258.69
2MMB2;CUST64813;2024-02-06;;338.53
2MDBW;CUST34002;2024-02-09;;535.26
2MBO0;CUST59964;2024-09-12;871;307.86
2M6SH;CUST77139;2024-01-24;;591.95
2KIGR;CUST47353;2024-03-07;;1414.17
2KFIM;CUST63432;2024-08-21;836;1471.4
2JKFO;CUST72546;2024-04-14;;682.43
2IP82;CUST82809;2024-01-05;;657.37
2HGA2;CUST34207;2024-01-31;;813.46
2GIJP;CUST72643;2024-06-15;;441.95
2G14X;CUST16273;2024-09-13;314;974.93
2FPDF;CUST72546;2024-04-14;;39.33
2FP9K;CUST75637;2024-10-10;869;528.17
2EZYH;CUST59964;2024-05-14;;1475.67
2DD8J;CUST27097;2024-11-17;769;274.63
2D5XX;CUST61001;2024-08-15;593;1243.31
2CIPM;CUST77139;2024-02-24;;47.88
2BIJ6;CUST27097;2024-02-05;;1620.54
2BH6E;CUST18288;2024-12-06;362;866.46
2ATJH;CUST52062;2024-05-22;301;90.9
2A3GL;CUST72915;2024-08-12;133;5654.01
2A10L;CUST47480;2024-01-07;;190.5
29XFP;CUST50599;2024-09-30;510;166.41
28L5O;CUST12194;2024-04-15;;206.71
280YS;CUST72576;2024-07-17;;162.41
26ZJH;CUST14827;2024-10-20;279;315.12
26FEU;CUST39135;2024-02-18;;1992.32
256LY;CUST79912;2024-02-02;376;2315.81
2554M;CUST38265;2024-10-24;833;390.2
24D2N;CUST78497;2024-11-12;763;350.27
249YQ;CUST35944;2024-08-25;770;180.54
23KNB;CUST78877;2024-01-20;;835.55
22FHN;CUST35304;2024-03-03;;312.36
21Y9I;CUST26477;2024-01-05;;93.86
2151L;CUST85300;2024-09-18;548;744.7
20O9Z;CUST87411;2024-02-16;186;666.86
20KRN;CUST60137;2024-02-10;;126.48
1XNLH;CUST77363;2024-03-02;;390.13
1XAVY;CUST80936;2024-01-18;446;301.9
1WXSP;CUST87411;2024-11-02;904;298.53
1WSZZ;CUST22112;2024-04-29;;962.24
1WN8U;CUST40628;2024-10-02;965;72.21
1WHSW;CUST46431;2024-10-06;329;356.15
1VIPK;CUST67305;2024-09-25;580;91.62
1UPN7;CUST64813;2024-06-07;;56.89
1UKN3;CUST17887;2024-05-02;;2536.44
1UI4G;CUST72576;2024-03-13;;474.9
1U93Q;CUST55235;2024-08-18;809;147.6
1TN55;CUST42396;2024-07-21;;1051.9
1TF1J;CUST20486;2024-01-01;;165.91
1T398;CUST56201;2024-02-27;115;248.88
1T2KF;CUST38773;2024-10-24;330;8230.23
1SGRF;CUST93065;2024-01-16;;797.95
1SA8G;CUST62973;2024-09-18;408;337.89
1OYYO;CUST22883;2024-03-01;;536.5
1ONV6;CUST46280;2024-10-18;961;2044.7
1OFAU;CUST23036;2024-01-06;382;303.13
1NJ2S;CUST86105;2024-06-02;;256.87
1NFJS;CUST53488;2024-11-03;355;512.09
1LNII;CUST89263;2024-01-22;;655.1
1JHWQ;CUST67846;2024-03-13;;1816.09
1JD7W;CUST77139;2024-09-06;590;407.93
1J2AG;CUST80290;2024-12-01;355;4713.39
1HCFP;CUST31549;2024-12-07;408;382.34
1GPBF;CUST62973;2024-01-13;;958.78
1FTQQ;CUST77363;2024-10-02;110;881.42
1F2WC;CUST80061;2024-10-03;722;127.74
1E6P4;CUST50930;2024-02-20;;804.56
1E1N3;CUST41526;2024-05-03;;14222.72
1DH2H;CUST75186;2024-03-05;;192.52
1CLEB;CUST69964;2024-11-29;228;3419.47
1CD7U;CUST45569;2024-09-28;;224.4
1C2MQ;CUST61746;2024-03-15;133;317.14
1B3FY;CUST10709;2024-09-07;480;427.41
19L3Z;CUST56738;2024-09-03;223;719.98
18O37;CUST78908;2024-11-02;373;552.75
17I4E;CUST61091;2024-01-19;;1090.59
16ZXX;CUST79046;2024-01-11;;700.08
16W9V;CUST91843;2024-03-11;;259.34
15HTN;CUST43478;2024-09-04;330;182.25
15BB3;CUST15528;2024-03-31;;147.93
14J27;CUST63396;2024-02-03;;173.73
14C42;CUST82573;2024-09-02;722;807.46
14C12;CUST29771;2024-01-15;;1258.36
148RL;CUST44258;2024-04-16;;180.83
13RQF;CUST52069;2024-01-04;;778.91
13GGR;CUST84889;2024-03-05;;2660.04
138CE;CUST60622;2024-02-28;;194.13
12TTK;CUST27338;2024-03-09;;1600.78
11UBT;CUST56641;2024-02-25;;437.46
11RMJ;CUST52010;2024-09-16;301;235.76
11K6B;CUST92874;2024-08-21;329;2773.8
10V89;CUST12194;2024-07-23;;129.36
0ZMEG;CUST38598;2024-01-04;;8916.18
0YLJZ;CUST48747;2024-11-11;778;3549.71
0YIDT;CUST40685;2024-03-20;;7313.58
0WKKS;CUST92125;2024-05-24;;198.87
0WHVC;CUST29989;2024-01-18;;3049.42
0WFX5;CUST66698;2024-07-02;510;1463.27
0VNWS;CUST62492;2024-12-02;521;4788.98
0THYC;CUST44870;2024-11-13;421;336.61
0T0YN;CUST22883;2024-09-29;979;280.83
0SH6V;CUST67703;2024-11-10;365;1166.0
0SFXR;CUST37912;2024-08-13;768;38.68
0SFCV;CUST62113;2024-02-23;;1357.58
0RVXF;CUST47951;2024-11-24;896;222.25
0RD6K;CUST36141;2024-11-29;965;1522.82
0RBBA;CUST23412;2024-11-19;790;393.34
0PF3P;CUST82550;2024-08-11;809;1016.0
0P7MU;CUST73382;2024-11-14;769;354.89
0OCP5;CUST94318;2024-01-08;;354.16
0O6DX;CUST37940;2024-10-29;548;5250.37
0O1LZ;CUST94702;2024-09-22;684;746.05
0NR77;CUST60232;2024-01-15;;227.79
0MAUD;CUST16821;2024-01-02;;265.92
0M9PJ;CUST22112;2024-10-22;294;1178.13
0KYSB;CUST47264;2024-05-16;;1921.14
0ISVA;CUST93010;2024-10-19;;498.71
0IBPD;CUST21014;2024-03-22;;347.69
0I1PR;CUST37912;2024-05-19;;1104.89
0HPOI;CUST56738;2024-01-23;;223.58
0FCDB;CUST65944;2024-02-27;;4114.62
0FAAO;CUST22112;2024-01-29;;262.97
0F7NV;CUST50599;2024-09-12;593;1049.79
0F093;CUST71644;2024-02-06;;420.48
0DQ3T;CUST92457;2024-02-24;;230.27
0DJJB;CUST35436;2024-12-21;444;5569.14
0DB0Y;CUST65126;2024-11-13;531;96.26
0B52W;CUST51588;2024-09-11;;354.83
0AS82;CUST44699;2024-10-12;778;436.64
0A575;CUST62369;2024-10-14;412;268.7
09Z1K;CUST27097;2024-10-01;238;363.4
09J0Q;CUST71197;2024-01-16;214;247.88
093JT;CUST28691;2024-05-19;;13983.03
0907B;CUST52069;2024-10-23;238;630.91
08PQ1;CUST53803;2024-11-26;763;763.09
08PHH;CUST65126;2024-12-18;754;203.95
042KN;CUST59505;2024-05-06;;604.45
03T2S;CUST26477;2024-09-19;763;12438.68
03IZF;CUST97251;2024-02-12;;292.81
02YSE;CUST18780;2024-05-27;;225.37
02H9D;CUST39585;2024-10-05;;11200.36
98998;CUST75991;2024-01-22;;527.67
70013;CUST80936;2024-06-17;329;220.95
49757;CUST13815;2024-04-27;;306.02
16156;CUST64203;2024-11-22;379;79.5
