review_id;customer_id;product_id;rating;date
261390;CUST35004;B09B9HM391;2;2024-05-11
303495;CUST14987;B09DD5QNGG;5;2024-10-30
110593;CUST34279;B0CFXB11RJ;2;2024-03-07
824168;CUST28877;B08MFQJ8CH;5;2024-05-05
422354;CUST25063;B08X15S4VH;5;2024-02-17
217042;CUST34002;B0CGNSTT7Y;3;2024-09-23
173287;CUST14987;B09CKCT8BS;2;2024-07-07
785962;CUST70883;B07VT7PKVY;5;2024-07-09
774832;CUST17373;B09FS4QSG1;3;2024-11-16
588303;CUST60806;B0C6ZQRHSV;2;2024-08-31
172209;CUST26924;B00SBDUYHC;3;2024-03-14
558690;CUST83587;B0BDRQLNR9;2;2024-03-04
121316;CUST41198;B0BNNLK5BQ;5;2024-12-10
448622;CUST97457;B09NYQ6CZ1;5;2024-03-02
935584;CUST18898;B00MWV8NKE;4;2024-12-17
623264;CUST35082;B00MNEDZ0I;5;2024-02-01
348553;CUST37912;B09LZCVD4V;5;2024-10-30
214703;CUST27189;B0BZHKQ3Q3;4;2024-06-30
987549;CUST18587;B09MJ3GTDZ;5;2024-05-31
242473;CUST15095;B0CH8MXX2R;3;2024-08-21
225403;CUST60137;B09VT6B1LW;4;2024-07-15
134211;CUST19680;B07ZVLZQL2;2;2024-07-29
818670;CUST49436;B08B88W4M4;5;2024-11-09
909723;CUST73598;B008YWDUTO;5;2024-06-15
910947;CUST82550;B09XXZBTNX;4;2024-11-15
122139;CUST11916;B01N9G2U7F;5;2024-12-21
588891;CUST28519;B0B4S93FFW;5;2024-03-07
768810;CUST93857;B08BJ3BQVT;2;2024-06-07
424534;CUST33388;B08KGF73R7;3;2024-07-04
122584;CUST88384;B0C53PBZFY;4;2024-07-02
266926;CUST83587;B001158V04;4;2024-03-11
518243;CUST43803;B0BNBMBFH8;5;2024-12-11
830474;CUST79266;B005MA3QTA;5;2024-10-13
790520;CUST80698;B0CDXW44MD;4;2024-08-01
287774;CUST36569;B0C46CPDD8;5;2024-08-13
442553;CUST32145;B07MLQW9MD;2;2024-06-22
968225;CUST11916;B09Y63FP3L;5;2024-12-27
962822;CUST15528;B0CKN3NNWM;5;2024-05-29
710532;CUST21277;B0C8T17RK6;2;2024-12-04
166673;CUST33417;B004NALJLC;5;2024-10-23
856332;CUST59227;B07Z148RH5;2;2024-03-23
735049;CUST44470;B095WPPPZ9;5;2024-03-26
808617;CUST42494;B0BSGM1VM4;4;2024-11-12
192857;CUST79705;B01GAE3VPU;4;2024-10-24
207868;CUST59536;B0CHRR8NMN;2;2024-06-29
674980;CUST10684;B08QMKSS3V;4;2024-07-10
397690;CUST43478;B092JB487D;5;2024-10-18
412030;CUST64813;B0BZPDKY2D;3;2024-10-24
312045;CUST43898;B09ZDZPC1R;3;2024-05-22
753823;CUST89263;B07F6QPGBY;5;2024-12-10
985570;CUST51812;B08WC11CFJ;4;2024-04-10
715707;CUST18208;B08DZGBWRN;2;2024-03-07
908545;CUST46280;B07W1ND7WH;3;2024-05-25
794107;CUST93857;B0CCVQSTH2;3;2024-01-16
866528;CUST31299;B0CF5Y2W4D;3;2024-07-11
529725;CUST30894;B0CDZSDGX7;3;2024-12-30
932508;CUST59454;B08RYQGD2C;5;2024-05-09
107971;CUST89349;B08V581KDL;3;2024-07-17
500764;CUST90137;B0B88GCF7L;3;2024-06-22
791329;CUST51798;B09TZFS3N3;2;2024-02-11
228969;CUST74689;B00JBNWFAA;2;2024-06-11
772823;CUST90866;B0CBK2VY9H;4;2024-08-23
793184;CUST21771;B09WCXMZZL;4;2024-02-14
374231;CUST62141;B006YTHC8O;2;2024-07-07
999433;CUST45870;B0BZD5ZFM1;5;2024-11-12
810291;CUST35795;B0CFTDNCBK;5;2024-08-23
381339;CUST49024;B0CFLFRZBH;3;2024-09-21
413359;CUST61330;B0CH61D8BX;5;2024-07-26
852851;CUST35082;B09DGHMV6Z;3;2024-01-19
119138;CUST14341;B0CCR66589;2;2024-06-21
418573;CUST60165;B00TTKRY1U;2;2024-11-30
848321;CUST85843;B000C21BAE;3;2024-01-30
883871;CUST37958;B07L7XK1N3;2;2024-09-05
853696;CUST92457;B0BVMTHMC9;5;2024-03-26
249685;CUST91843;B09YHQNW2M;4;2024-02-16
374295;CUST45569;B0CFQ7141G;2;2024-12-22
361802;CUST51798;B0BVFW26YQ;5;2024-09-27
541788;CUST49864;B0B6JS54K6;4;2024-05-10
742535;CUST26601;B01MG7FEWP;3;2024-05-01
339792;CUST78500;B0CDZSWG4M;4;2024-06-22
611398;CUST52062;B07Y62H613;2;2024-07-01
479304;CUST57559;B09B9THT85;3;2024-02-02
154895;CUST85371;B086T5HKT1;5;2024-05-03
502304;CUST20486;B0CFFLP2S6;5;2024-11-21
925504;CUST59548;B009FB3NF4;5;2024-08-06
784038;CUST17459;B09N3PTJVC;4;2024-02-17
974441;CUST65666;B09NVKTTJH;5;2024-10-14
490935;CUST85371;B0C1SR94T3;5;2024-05-24
417943;CUST79705;B0CHJNMQPM;3;2024-08-02
816997;CUST56105;B0772N3WP7;5;2024-05-31
459047;CUST49266;B0CDM21B9M;3;2024-03-03
966902;CUST74436;B0CG5TKQQX;5;2024-02-11
877703;CUST51798;B0CG6G9QPM;4;2024-12-02
629644;CUST70883;B099WCTLLX;5;2024-07-02
855435;CUST23368;B0C37MQ2JX;4;2024-02-24
965150;CUST62369;B09SV9BZK6;4;2024-03-15
177039;CUST39585;B0CJBFJQBM;2;2024-02-03
628765;CUST19841;B08SMMTMB9;3;2024-08-23
959134;CUST24560;B0C5Q8LSFF;3;2024-03-14
527412;CUST10889;B0CFZNBJSW;4;2024-03-03
631491;CUST17887;B0CGXHZB9B;4;2024-03-08
426102;CUST97252;B0BM8L72XD;3;2024-07-15
799827;CUST80338;B072PV1XCM;5;2024-11-25
851681;CUST76418;B07PVC1SK1;3;2024-02-29
717783;CUST50640;B0C4XPPF54;2;2024-10-28
100525;CUST14214;B00HFOVTOK;4;2024-10-02
421237;CUST44555;B0B18HCFR2;2;2024-11-30
669403;CUST62492;B074CL94HV;2;2024-03-12
723152;CUST64813;B0C8BSW11L;2;2024-01-06
711491;CUST49525;B0BRQ4FBYQ;2;2024-08-12
122092;CUST99570;B0074O9222;2;2024-10-19
477429;CUST78775;B094FWVTQ3;5;2024-01-26
844346;CUST84340;B0BBQZZDNF;3;2024-06-10
122300;CUST23036;B0CGZFPP78;2;2024-07-04
468026;CUST80936;B0079092GC;2;2024-05-11
934363;CUST65734;B0CJDJT57Y;4;2024-08-31
558428;CUST75479;B0BXX9MNK2;2;2024-12-20
627160;CUST21540;B0C8B3MG18;5;2024-03-19
247373;CUST47480;B09FYC3X23;5;2024-07-26
288172;CUST57599;B07H7K7F5J;5;2024-05-03
309087;CUST73447;B00006JPRM;3;2024-11-16
324464;CUST44688;B0CDX1YCCP;2;2024-05-14
769735;CUST61091;B00KLE3WKU;3;2024-04-18
765852;CUST67305;B0CBLBBCRD;4;2024-07-12
367583;CUST38918;B0C1RQV13C;3;2024-04-14
802753;CUST78775;B09S2Y5KK5;3;2024-07-19
182748;CUST96160;B09JNSJLM5;3;2024-02-14
632015;CUST68091;B0CHMTDC75;3;2024-05-12
875200;CUST96160;B0CG562X5W;5;2024-07-10
856729;CUST63396;B0CJN52545;3;2024-10-21
626798;CUST26896;B07MG3WRC7;4;2024-10-23
953052;CUST47795;B073VQ64TG;2;2024-03-07
374407;CUST44699;B0847LVW8M;2;2024-01-30
186133;CUST12194;B005ZQALX0;3;2024-12-24
328541;CUST56927;B082SNL6JK;2;2024-07-15
589883;CUST28877;B09RC257C6;4;2024-03-27
522883;CUST44566;B0C64TSG8Y;2;2024-10-07
229935;CUST61001;B0CFNYFVR8;4;2024-10-05
625256;CUST17154;B07WK7GSXD;4;2024-02-22
821896;CUST57770;B093DPC3S2;3;2024-06-27
557239;CUST33117;B0CDB9PC8Y;4;2024-08-17
501878;CUST42074;B073NWS7BT;5;2024-12-10
875273;CUST22825;B0BSTMR9TX;4;2024-01-27
279865;CUST36988;B0BTY3L4LS;2;2024-09-11
245531;CUST80698;B0CDGL1Y5N;3;2024-01-06
471825;CUST56235;B08MPWXYB7;2;2024-05-04
978864;CUST19651;B09FFX5ZS5;5;2024-08-14
502447;CUST18436;B0C77G15KM;3;2024-09-23
466380;CUST69964;B0916J3LJ8;2;2024-07-25
879440;CUST21651;B01A227L48;2;2024-01-18
515400;CUST43478;B00TDQNBZ8;2;2024-10-03
587765;CUST25089;B0BPM89F3F;3;2024-01-31
420387;CUST16728;B0CFVK3BJB;3;2024-11-04
639198;CUST24370;B09YRHMNRK;2;2024-09-08
357037;CUST44870;B0CHF54Q52;2;2024-05-04
463056;CUST21277;B0CCVM7XYJ;4;2024-05-23
738691;CUST22207;B07V9NSKDZ;3;2024-12-15
185818;CUST91330;B0C9432JKS;5;2024-11-25
617906;CUST86105;B007QXFNA6;5;2024-11-19
650924;CUST23780;B0C6D6SC79;4;2024-01-27
542255;CUST16273;B0CJ6FWKR4;2;2024-09-11
152033;CUST59964;B0C3HBCBXP;5;2024-05-04
922853;CUST33388;B0C1VD3KYV;4;2024-12-15
429343;CUST70883;B08ZMFYKJ5;5;2024-02-08
380187;CUST38259;B0CHS3GBCM;2;2024-12-19
431496;CUST54282;B09TZFS3N3;3;2024-04-15
648772;CUST43463;B0BZJ9D9GL;5;2024-08-11
344783;CUST80290;B07XRV9YLD;3;2024-03-04
762702;CUST89349;B0BNHFQM8F;5;2024-11-13
276371;CUST98734;B0C6KTPD8Q;5;2024-02-16
670455;CUST77852;B0BNFZB6QY;4;2024-10-18
303577;CUST93170;B09YD96T1R;5;2024-03-16
686336;CUST64921;B0B1PX5WVN;5;2024-01-14
810616;CUST81247;B0BMGRTGCH;5;2024-04-12
457417;CUST25290;B01JSEV458;4;2024-04-26
344270;CUST80290;B01C61OLV4;4;2024-10-22
212483;CUST68793;B0BLK4LBD5;5;2024-03-22
560612;CUST63114;B009TTW6EQ;4;2024-06-27
536357;CUST28691;B01N9QJ2YD;3;2024-01-04
170826;CUST36239;B09SHSSLNW;2;2024-03-01
479092;CUST84731;B0C58P7TNL;3;2024-03-07
104166;CUST74610;B09J6GB4VB;4;2024-01-01
982017;CUST85843;B08XZDLZ88;3;2024-09-10
352699;CUST89557;B08CF38QWT;3;2024-09-02
333179;CUST78908;B0CHTZNVGS;5;2024-02-15
277503;CUST89491;B08574K9P6;2;2024-05-20
501084;CUST52618;B09DLBFYHJ;2;2024-06-13
944605;CUST22037;B01LZWPALB;4;2024-05-31
501840;CUST62884;B0BH1G7RMV;2;2024-01-20
786334;CUST33151;B0CDY1MN57;2;2024-04-22
751058;CUST19651;B0C6TVR2PL;2;2024-06-24
245938;CUST33281;B0BV75CVX6;3;2024-07-10
667609;CUST98854;B0046JG8WA;5;2024-12-19
297907;CUST55308;B07QWNDTYS;5;2024-10-02
281669;CUST68091;B0C64QRYQ3;5;2024-05-07
310816;CUST94702;B0CF1W2LZ8;5;2024-07-28
120711;CUST60165;B0C3QV2TS2;4;2024-04-18
522974;CUST55308;B0CGXM2RSG;4;2024-04-20
310596;CUST36988;B0B832WCZX;4;2024-03-01
523688;CUST52290;B00P6MOWCO;5;2024-03-03
655200;CUST78497;B005BNNCQ0;5;2024-01-02
647438;CUST82550;B0BK6H2HGM;2;2024-02-27
212421;CUST50801;B000BGT6CG;5;2024-04-20
804534;CUST80543;B00H46OURW;3;2024-12-06
561977;CUST72288;B08LVZS9G4;4;2024-05-20
158642;CUST31299;B084QJC4XQ;4;2024-01-13
218781;CUST82573;B0BGYDBH97;4;2024-09-24
673916;CUST34775;B0C5MZG2JY;4;2024-11-05
531348;CUST31549;B0BFNW5ZB3;5;2024-05-08
933666;CUST35944;B0BLZ4RP5Q;2;2024-08-17
231050;CUST40685;B0C3DV7MQ6;2;2024-08-09
246374;CUST17459;B00UN0ASQS;2;2024-12-17
396332;CUST34002;B0BWY7BGVT;2;2024-07-18
215866;CUST23036;B0CJ71R39P;2;2024-03-24
595818;CUST62809;B09MS34LHX;4;2024-03-18
218156;CUST40801;B07MZBHKF2;2;2024-05-26
833215;CUST84004;B0CDP3YT6S;5;2024-09-11
672278;CUST26132;B0B1MB39V7;5;2024-04-19
703632;CUST89424;B0CJNJB9BC;3;2024-10-30
230205;CUST13725;B0C6TJS577;3;2024-09-18
158967;CUST56235;B0C2CQ5WFD;3;2024-07-09
858248;CUST44258;B0CGPBKJG1;2;2024-12-12
913706;CUST14550;B0757Q314Q;2;2024-09-11
944971;CUST16011;B0CHMRHRRL;5;2024-10-21
686759;CUST98734;B0BV6R7CB1;2;2024-12-06
114886;CUST75991;B0C33HBDGH;3;2024-09-30
339906;CUST19651;B0C7879G6H;3;2024-12-02
588121;CUST11916;B01KJ0SSDG;2;2024-08-11
313857;CUST64351;B0C5Y5F3J6;2;2024-12-06
554424;CUST36239;B0053GB2B2;5;2024-09-13
121477;CUST63460;B0CH37RHJD;2;2024-10-19
471606;CUST65635;B0CCV9YLJ5;3;2024-03-13
696264;CUST97821;B0BQGJH94S;3;2024-02-16
242854;CUST52010;B094SFK36W;3;2024-01-05
301018;CUST46431;B0CC1C7QPZ;5;2024-05-01
614599;CUST14214;B015JBGFHQ;3;2024-02-29
709691;CUST26601;B0051ABL5C;2;2024-03-15
732718;CUST54248;B0B5GNY83V;2;2024-07-27
233465;CUST50801;B09YQ3MYVJ;4;2024-01-07
534641;CUST18781;B07CQT2D8K;2;2024-02-29
712823;CUST88586;B0CFY8QT2Q;4;2024-04-08
768557;CUST78637;B0CJ9PPGPZ;2;2024-12-03
791240;CUST33854;B0CFTV3N9D;4;2024-02-06
142626;CUST33385;B08YDYC7Q6;3;2024-07-13
928754;CUST17766;B0CJ46SQJQ;4;2024-03-01
617756;CUST84835;B07SFHM4DF;3;2024-07-25
421154;CUST30059;B07BDP2PYS;3;2024-11-29
769620;CUST34257;B0CHY57SWN;3;2024-04-02
746733;CUST26823;B0BJ93Y5KP;2;2024-06-29
840236;CUST50801;B07XLN595G;5;2024-02-04
440865;CUST94176;B0C8HYBW74;3;2024-12-24
306427;CUST80061;B0C6Q1KVC9;4;2024-08-12
881389;CUST43463;B0BJKVW1V8;5;2024-09-09
184963;CUST24560;B06WXX5QJR;5;2024-04-15
917045;CUST38643;B098MR6QZG;2;2024-08-03
625950;CUST82691;B0C7N7J68Y;3;2024-08-02
780102;CUST43803;B0C9DYXBVN;3;2024-05-01
554921;CUST82691;B0CGCTT3DM;3;2024-03-19
644713;CUST37502;B0CC5LXQC5;4;2024-09-25
684467;CUST82809;B09CGLHVYN;3;2024-02-13
104437;CUST69885;B0CH8LCWZV;3;2024-12-24
448781;CUST27897;B0C65FL3LH;3;2024-04-14
715926;CUST26823;B0CDK2WR1V;3;2024-01-16
820517;CUST90555;B0BSF4Q8GT;4;2024-11-11
407021;CUST33264;B0BXLH79P3;2;2024-04-21
699873;CUST98991;B079LWH1SL;3;2024-01-20
682532;CUST93870;B006YTHC8O;4;2024-12-24
541905;CUST11397;B07Z9Y1677;3;2024-09-14
100557;CUST35569;B0773NKVWZ;5;2024-02-16
938568;CUST11609;B097CQ77BS;4;2024-12-02
915782;CUST41526;B09NRPHVXM;2;2024-04-14
545935;CUST97261;B0CF5FP2ND;3;2024-02-04
606695;CUST26477;B086HJD864;4;2024-07-05
605770;CUST67305;B0BZSXBYX7;4;2024-08-08
354635;CUST37070;B0BS8H93Z1;3;2024-09-24
108922;CUST31790;B08Q7WC9F4;3;2024-01-25
864578;CUST62809;B0BZDG8DCR;2;2024-11-19
301225;CUST12200;B0C4TK84WQ;4;2024-03-04
322463;CUST25017;B07L9B2B92;2;2024-04-25
658251;CUST89557;B0CB9JB3R7;3;2024-07-10
778061;CUST88154;B09DD99V9F;2;2024-04-06
444648;CUST77494;B0CCVQDPLN;2;2024-04-11
639884;CUST40685;B0B1VNKXGS;4;2024-10-09
814211;CUST63460;B002LYH8D0;4;2024-01-12
156384;CUST25071;B0CCLW67JF;2;2024-05-21
758064;CUST60232;B0C3Y51WTS;3;2024-05-06
917518;CUST97251;B0CD5BHZYF;3;2024-12-18
879990;CUST81727;B07ZZ41ZGV;5;2024-04-02
804252;CUST90272;B0CKLKBNK1;2;2024-02-24
286049;CUST25138;B0CFPCBG15;2;2024-07-05
988497;CUST33385;B000KHDYY2;5;2024-06-17
241840;CUST27897;B072LB8X5J;2;2024-11-24
717799;CUST18436;B0CGPBKJG1;5;2024-06-18
956180;CUST57692;B0CFPPRZ67;5;2024-03-24
140166;CUST10701;B0CD7KDGJ4;2;2024-11-13
506592;CUST68091;B0CFLYXMZC;3;2024-09-23
834649;CUST75953;B0CGRNR7NN;3;2024-05-30
637593;CUST18436;B0CHP4LVFD;3;2024-07-23
870545;CUST40174;B0BC8128D1;2;2024-10-05
691533;CUST85527;B0C53CDL9K;2;2024-06-30
583328;CUST61601;B0CG5T67J3;3;2024-05-07
367753;CUST39085;B0BC2T4T9L;2;2024-10-30
860583;CUST25896;B0BWNDBLMK;3;2024-02-11
920305;CUST74276;B08Y8SJ8TJ;3;2024-07-04
195385;CUST68793;B0CJXXKQLK;2;2024-07-11
205534;CUST26127;B0B4WPQZ3Z;3;2024-04-21
280968;CUST99485;B0CJN2VZWP;5;2024-07-20
130266;CUST35949;B0CHRZQQFQ;2;2024-05-11
639809;CUST61001;B0CG4TVXCD;3;2024-06-26
187839;CUST95339;B097RPDY6S;4;2024-08-29
878255;CUST71864;B071JTDK8B;4;2024-02-23
319607;CUST36450;B0CJFC6QS6;2;2024-02-14
515364;CUST19402;B07B97NPLD;5;2024-08-28
340026;CUST72825;B09QBVNVQ9;2;2024-04-05
490501;CUST80046;B0CJ774QM4;5;2024-12-22
687965;CUST49024;B073SB6MK2;3;2024-08-20
306281;CUST15712;B07WRXFDRL;2;2024-03-03
438042;CUST38089;B09VSXXJY7;5;2024-10-03
970830;CUST80969;B0BTPK2SVY;4;2024-01-27
678049;CUST83847;B007TKJ62C;2;2024-06-03
873817;CUST59505;B085V7GNYB;4;2024-06-16
472371;CUST35304;B0C5R516D8;3;2024-03-28
377702;CUST64210;B0CK2NHYW3;5;2024-01-14
250559;CUST64203;B09WH14W1R;4;2024-07-16
150056;CUST85328;B0C53RBFXB;3;2024-03-30
345838;CUST25499;B0C2CPMDBQ;3;2024-09-17
223483;CUST78497;B0C8CVJY1S;5;2024-08-20
153556;CUST71075;B08X3K9LG1;3;2024-10-18
836411;CUST67406;B09BNV4997;2;2024-04-25
525996;CUST72643;B0CBDG25SM;4;2024-01-04
639426;CUST97404;B0C1CLLGZY;3;2024-07-29
868775;CUST80543;B08829X1Y4;3;2024-06-19
687444;CUST19651;B0B8GVXHFV;5;2024-04-09
468822;CUST37940;B0BVFVFMM5;4;2024-10-01
274011;CUST25071;B08Z8GWB93;5;2024-04-30
587299;CUST10709;B0CBV9VNS5;2;2024-05-29
823166;CUST93505;B0CFFHMFLG;5;2024-12-14
151277;CUST44861;B00CQ96WO6;3;2024-09-06
898606;CUST44699;B08CY1JNNK;3;2024-06-04
732190;CUST71075;B0C6LL1L7R;2;2024-07-12
910720;CUST92779;B097F4C28G;5;2024-11-25
924093;CUST73894;B098NMLWR2;2;2024-01-29
891450;CUST77494;B0CHFBP6XV;3;2024-02-23
208673;CUST21345;B0C4PYZBQL;2;2024-10-24
401477;CUST89263;B0BYFZ95DF;4;2024-08-28
455072;CUST79705;B07P8TFLP4;5;2024-05-15
303767;CUST54947;B0CDK2WR1V;4;2024-07-05
296239;CUST86678;B0CFQT56QB;5;2024-10-08
510460;CUST39558;B0CFFHMFLG;3;2024-11-27
548209;CUST85300;B0BW5T435Q;3;2024-01-19
224447;CUST94176;B09BNBY79W;5;2024-11-22
980872;CUST24560;B00JSMJVYC;4;2024-02-12
813467;CUST77852;B08FJ69MCP;3;2024-01-06
896724;CUST44699;B0BCM2YTV1;4;2024-09-15
786989;CUST73374;B09WY3DYG5;4;2024-06-13
144639;CUST51812;B0BFL82R37;4;2024-04-25
157581;CUST97251;B07FPRXFHV;3;2024-11-08
900591;CUST61001;B092QGYNB6;4;2024-11-22
864646;CUST90749;B0C57YPVQ2;5;2024-12-17
337599;CUST30751;B0CDX7M75F;2;2024-05-11
455133;CUST44866;B0BT28VLWK;2;2024-07-24
896270;CUST61571;B06XQ4KGWY;4;2024-06-05
388871;CUST33117;B073T24JL2;5;2024-10-03
773365;CUST62369;B0BHDPXKXD;2;2024-05-09
562708;CUST69829;B07N5FQHNS;2;2024-04-29
594104;CUST14706;B08DJ4647D;2;2024-01-05
193291;CUST16905;B0BBQV5VF9;3;2024-09-02
229505;CUST89430;B0CC6W2QNT;4;2024-07-27
892449;CUST16197;B0C96SG4M5;3;2024-11-14
557739;CUST50911;B0CD7YRS8S;3;2024-11-09
166240;CUST68771;B084D7HVS6;4;2024-09-03
344418;CUST14827;B0B4PBSLR5;3;2024-06-16
615159;CUST36665;B0C4NYMR7J;4;2024-04-25
344180;CUST63114;B09YS4GXCK;4;2024-06-27
253059;CUST69473;B096J7S86M;5;2024-08-04
989885;CUST75637;B0BCYZSJNM;2;2024-11-25
722923;CUST55308;B08146X7B4;5;2024-03-12
380190;CUST41198;B01IF5AGMS;5;2024-10-26
432155;CUST86105;B0CDH39W38;5;2024-01-08
968547;CUST35718;B01IWQ9UUO;4;2024-10-07
740991;CUST47316;B0BMW7NV3Q;3;2024-07-21
227680;CUST81727;B0CKQZTBWJ;3;2024-03-17
846226;CUST25017;B0BRT5XXJ4;5;2024-06-09
315744;CUST83587;B082TVT98F;4;2024-10-09
679431;CUST60835;B0CCHWPYMB;4;2024-09-18
827749;CUST19651;B0BFFFSTKD;3;2024-06-08
253840;CUST73374;B07VF2RLHZ;3;2024-05-04
430544;CUST94318;B0C492RMD9;3;2024-05-26
951278;CUST57599;B0CB9WGQ4D;4;2024-04-02
104397;CUST39085;B09SFQZ6DP;4;2024-08-13
344687;CUST30672;B00EU4YIGY;4;2024-06-22
346466;CUST52290;B07GJ6M2Z4;3;2024-03-24
561423;CUST38259;B0C14FBHC9;2;2024-11-27
887288;CUST27761;B0B1B1NB5F;5;2024-04-30
740224;CUST22112;B0CJPVBS86;3;2024-06-29
955403;CUST77390;B0CHMBVJYZ;5;2024-09-16
490603;CUST54293;B0BNFC275B;3;2024-05-08
224352;CUST25063;B0CDTW7ST2;4;2024-01-19
776187;CUST41198;B08B3WBBMF;4;2024-09-15
426857;CUST51375;B0CGWQQL23;3;2024-09-10
776234;CUST74378;B0C5XQLDW8;5;2024-05-26
146297;CUST98991;B0BWNDBLMK;5;2024-09-02
473758;CUST16498;B09MWKBKDD;4;2024-06-11
793211;CUST32359;B0B62PJ4PN;2;2024-07-07
639208;CUST17459;B0C7C9NKJD;4;2024-07-30
117255;CUST73894;B091MCVLVP;4;2024-11-10
270139;CUST39525;B0C543RL2S;4;2024-08-04
417080;CUST21615;B088ZHDKYG;4;2024-05-02
296438;CUST61571;B08BX388H3;4;2024-06-30
589089;CUST84731;B0BWB4HQG3;5;2024-10-06
465571;CUST25017;B0BFKGTXYJ;4;2024-05-27
737555;CUST56927;B0BPRQJY33;3;2024-10-26
368562;CUST67095;B07R1VBX22;4;2024-05-03
278871;CUST80061;B0BW94LDPW;3;2024-05-21
602138;CUST19680;B0C2CB8V58;4;2024-03-02
469628;CUST41831;B0C5MH89BB;2;2024-07-19
906252;CUST60232;B07518ST4N;4;2024-06-29
910896;CUST51798;B0CFY9H31F;2;2024-06-04
972877;CUST17887;B0CGDPF4GN;5;2024-08-07
344832;CUST21540;B0C8B5VRKK;5;2024-03-15
730188;CUST45912;B0CH2X2GZB;3;2024-12-08
170535;CUST35460;B08VH8VCC4;5;2024-11-15
363123;CUST38259;B09YTKMY7B;4;2024-12-28
177635;CUST34775;B0C149WLCZ;4;2024-06-06
511603;CUST34513;B09JNZLCC2;5;2024-01-02
563457;CUST83847;B09N96Z4TN;3;2024-08-14
386516;CUST89302;B08GYFSS4L;3;2024-02-27
103572;CUST27894;B0CHBMQBPV;5;2024-04-28
503727;CUST53488;B09MZ1FDV5;3;2024-02-11
434651;CUST93065;B0C9BCNR4X;4;2024-01-03
529965;CUST87720;B0CCX7N877;3;2024-08-14
518146;CUST69829;B08YNJRLJN;5;2024-03-11
912397;CUST22207;B0CDQ8HYQC;4;2024-01-16
600900;CUST57255;B0BNJQ3R1X;5;2024-09-17
571128;CUST44426;B09CZ1N49N;5;2024-11-05
766608;CUST76809;B0058Z1KHO;4;2024-01-27
960732;CUST86301;B09WHJFKTX;2;2024-09-18
649724;CUST27897;B01HIH9DPK;5;2024-03-30
417174;CUST19986;B0CF6JZ51Y;5;2024-09-23
369851;CUST98592;B07FMG55FR;2;2024-05-02
746315;CUST85606;B0BZ7SW8F3;3;2024-11-03
948823;CUST59454;B09HV3J4ZQ;5;2024-03-20
686724;CUST18035;B0CJ2VPCSS;3;2024-11-13
491596;CUST72288;B0CJY11H59;2;2024-01-06
903673;CUST55235;B09MFVZHST;3;2024-09-21
410395;CUST69736;B0C5L8Y5FD;2;2024-06-02
148024;CUST39085;B0B3T9NDG4;3;2024-03-22
821640;CUST85300;B002TEVP18;5;2024-04-18
702008;CUST42494;B0B1P7K6MG;2;2024-03-23
190220;CUST44258;B01GGKYIHS;5;2024-03-27
429788;CUST25961;B09J564SGX;3;2024-03-15
181363;CUST57045;B0BLP44ZPM;5;2024-11-24
164660;CUST56641;B01N21RNB2;5;2024-06-01
750188;CUST83587;B0C45X5RZG;2;2024-03-30
940809;CUST82691;B08GJ9C4RG;5;2024-09-23
764425;CUST23412;B0B7RPZHBW;2;2024-06-27
848808;CUST52290;B0B6R77CSY;5;2024-11-24
979058;CUST78908;B08CKJM27X;5;2024-03-07
677156;CUST35004;B086LPYTY7;3;2024-06-09
498524;CUST67703;B0BYQ1KK4Z;2;2024-06-17
470512;CUST69473;B09N98FB39;4;2024-04-16
263740;CUST23148;B0198FIOAK;4;2024-11-28
238639;CUST83587;B0BZ59JNYW;4;2024-03-15
177438;CUST41834;B078KMXDJJ;4;2024-03-12
833030;CUST43226;B08CT6P1WX;4;2024-05-14
634109;CUST26823;B06ZY6GMYD;2;2024-02-21
674320;CUST88678;B0757JMV72;5;2024-10-27
288036;CUST49467;B0BZYKWFJX;3;2024-02-29
359350;CUST17863;B0B4W6XR7T;3;2024-08-30
597374;CUST11921;B09WVN7V6G;4;2024-04-08
465925;CUST38643;B001ND01L6;3;2024-12-17
203040;CUST37958;B07L5YYCLV;3;2024-05-08
745112;CUST73481;B0BD818ZYW;4;2024-03-28
360454;CUST62141;B09JSH36RF;5;2024-05-26
178028;CUST37070;B08XB134VT;4;2024-01-08
779811;CUST63051;B0CKL1MP1Y;4;2024-10-29
145299;CUST37888;B07DHVPDDY;5;2024-08-12
887885;CUST59965;B09Q6393LX;2;2024-12-28
879358;CUST95189;B09W32PQRL;5;2024-04-23
881971;CUST59284;B0C56R5R7S;5;2024-06-07
124124;CUST64952;B0CJ8PWTZ7;3;2024-11-24
621848;CUST14184;B0BZC2L7L2;4;2024-05-01
457272;CUST25961;B00BFRZIPO;4;2024-05-10
712984;CUST32519;B07H8HVT1F;5;2024-01-12
616600;CUST59227;B0C2QK8FT4;4;2024-12-11
406983;CUST88616;B0CBV478XK;2;2024-03-02
607642;CUST30112;B0B5GY78BF;3;2024-01-10
422839;CUST30663;B0C7G6YTJV;3;2024-01-09
930854;CUST29851;B001U1DG2W;3;2024-02-27
782523;CUST54248;B08J48S371;4;2024-12-30
350038;CUST60953;B0C8H91L61;3;2024-10-18
552716;CUST93870;B09T6Y28DG;2;2024-12-20
914911;CUST91237;B011F426JM;3;2024-10-13
153513;CUST31790;B0C7QPP5ZN;5;2024-03-12
726690;CUST91679;B09NTMWCZV;5;2024-09-02
506241;CUST50911;B06X99CSRN;3;2024-03-12
298057;CUST69885;B0BVW9857Y;2;2024-11-04
495397;CUST82028;B09YY7C39N;2;2024-08-25
737747;CUST12200;B0CHFJV6RM;2;2024-01-05
516062;CUST31207;B079P4LCN6;5;2024-06-28
497082;CUST47951;B07M7KZ65P;4;2024-06-17
263220;CUST98490;B00KN3CSIQ;3;2024-10-03
273816;CUST73382;B0BW7F4RNR;2;2024-07-21
729153;CUST22112;B0CG8JVC3J;2;2024-02-15
541469;CUST26924;B0CHMTD258;3;2024-03-02
700542;CUST78528;B08DCD7PPT;3;2024-04-07
773843;CUST89424;B0BK7KKCXH;5;2024-12-08
481424;CUST47480;B0C3W7KZS6;2;2024-11-14
908609;CUST65944;B0BYHDLJDM;3;2024-12-05
523263;CUST18305;B0B216YJ69;2;2024-07-03
858727;CUST43463;B007EWHRO4;5;2024-10-25
382803;CUST60376;B086Z2DWVW;5;2024-04-06
763786;CUST77852;B08QW687Q8;5;2024-07-17
525747;CUST10429;B0BRGYKJ58;5;2024-12-16
157449;CUST36665;B0BB1CY5GH;3;2024-01-22
897327;CUST54947;B0BXL9CHFZ;4;2024-10-27
567131;CUST91587;B09BQMXPNS;2;2024-11-30
817918;CUST30307;B0C2TH48NS;4;2024-08-16
258548;CUST31133;B004R1ZQCK;3;2024-08-07
348951;CUST13725;B07Z53P4WR;3;2024-08-07
399728;CUST44703;B09QZ1ZDHY;4;2024-05-27
429019;CUST37940;B0CGBYZNDM;4;2024-04-13
500171;CUST91086;B097RM7RPB;5;2024-06-11
115491;CUST33906;B0BMWSX662;2;2024-05-08
446521;CUST14290;B001U1DG2W;2;2024-11-28
585819;CUST39170;B07T35FBLV;5;2024-10-23
902970;CUST98258;B0BPT42XLP;3;2024-12-14
803877;CUST93870;B000C21BAE;4;2024-03-26
234413;CUST33854;B0BPMHFNTJ;2;2024-05-13
975245;CUST77691;B0CJLFRF35;3;2024-05-23
203261;CUST78500;B0C588HJHF;4;2024-05-16
915293;CUST10701;B08HP699Y4;5;2024-01-05
422505;CUST11397;B0CCJFG2HR;3;2024-11-17
832457;CUST65133;B0BFVDL11P;4;2024-09-29
379869;CUST74689;B06Y6C76PH;3;2024-03-17
815538;CUST25499;B09WRF5GXR;5;2024-06-22
730015;CUST16197;B097SWGX77;4;2024-10-18
123367;CUST33798;B0BTVM18XZ;3;2024-11-01
123106;CUST92125;B071968LB5;5;2024-02-27
455448;CUST49467;B072FW9FTV;3;2024-09-05
755040;CUST90555;B0CGZ9X6YX;2;2024-08-18
681367;CUST13725;B0CJYM1RDR;3;2024-03-20
207370;CUST51271;B0BRYH56C4;4;2024-08-23
870018;CUST94023;B09G9CPG74;3;2024-05-21
390144;CUST77691;B00Y0QU2JY;5;2024-02-02
660617;CUST14987;B0BB2M6MYT;5;2024-09-01
682699;CUST75637;B08H18YGCS;3;2024-07-25
771140;CUST40801;B0CGDR2RKQ;4;2024-12-17
345621;CUST83847;B0CDJMXZ7Z;5;2024-09-21
626990;CUST21345;B0C774QXZ7;5;2024-01-28
297073;CUST10701;B0BX33WYGK;4;2024-10-26
654891;CUST16473;B0BYSQT4GK;3;2024-11-28
851005;CUST62809;B0BXMMRSX1;5;2024-05-12
633339;CUST71197;B07253G37T;2;2024-02-14
779540;CUST38918;B09J564SGX;2;2024-03-04
847248;CUST57770;B083FY5RYG;5;2024-02-06
128016;CUST93065;B0BTP7FZDY;5;2024-01-14
375002;CUST35949;B096G23KPP;4;2024-04-24
309221;CUST65515;B08CX831F2;2;2024-02-13
664428;CUST13725;B005SHO4KM;2;2024-10-03
813130;CUST81247;B0BC5X4ZC2;3;2024-02-12
233504;CUST72791;B0CCL6BYC5;3;2024-12-12
284126;CUST32519;B0BLJK16L7;4;2024-12-23
987165;CUST53803;B0BFL3R2RF;5;2024-09-16
136781;CUST37534;B0B1QNSV8K;3;2024-06-21
335051;CUST62592;B07MH39Q5W;4;2024-12-29
902780;CUST55495;B0B1CG56QG;5;2024-05-05
284245;CUST42614;B0CJ1NPCDB;3;2024-04-29
176030;CUST47316;B09CTQLDTZ;5;2024-04-09
876822;CUST54282;B0B68B63QR;3;2024-07-07
875214;CUST73447;B0C4PFPBDF;2;2024-11-17
284065;CUST62821;B0CJ83F41R;5;2024-09-18
649716;CUST37888;B0BGPHRXW3;5;2024-08-13
933099;CUST33264;B0BL8ZFKWX;4;2024-01-03
773660;CUST94702;B0B7HW5LZW;2;2024-04-09
963927;CUST89349;B0CGTTQXZB;5;2024-12-22
611564;CUST48586;B085G66FLJ;2;2024-12-01
690493;CUST75479;B0C6LMB7Y5;5;2024-07-02
258640;CUST29338;B0CFVPTCZB;3;2024-02-25
808323;CUST22037;B08KVX18R3;4;2024-03-10
970343;CUST82550;B000NORUL0;2;2024-11-25
763549;CUST75205;B0CH4SF9PS;3;2024-08-23
665763;CUST45912;B0CJDT7CMG;2;2024-09-24
688729;CUST16197;B08LZTFT59;3;2024-03-11
612087;CUST99662;B0BMKG3XF9;2;2024-01-17
438653;CUST19921;B0CGFC9C16;3;2024-05-07
621555;CUST49458;B09W2R35QZ;5;2024-05-06
985277;CUST88154;B07Q65492Q;4;2024-05-21
848131;CUST67708;B0B5V4L7HR;3;2024-09-09
595441;CUST39085;B0CHTKTDQT;3;2024-12-13
506290;CUST36714;B0CCT1XQR7;3;2024-04-15
953450;CUST94908;B00H0GWGZO;3;2024-01-17
280240;CUST42396;B0BC212TH1;2;2024-11-19
110078;CUST64921;B08JHRD479;4;2024-09-13
623457;CUST39525;B00HZ2BOEC;5;2024-10-05
630545;CUST95551;B014LKUWIO;5;2024-07-25
482494;CUST59536;B0C3JC8ZZV;5;2024-07-21
858926;CUST38594;B07XDLVN5S;3;2024-11-11
512110;CUST50911;B09MJ64SFV;2;2024-11-04
575502;CUST46633;B0CCJVK5B6;2;2024-10-13
612433;CUST75637;B00JBNWFAA;3;2024-11-03
887593;CUST94435;B0BGG2SJYW;3;2024-12-30
401876;CUST49467;B0BDJW87ZC;3;2024-02-18
338931;CUST31131;B0CC6VD5KB;3;2024-02-06
968364;CUST92608;B0CFXPWDNF;3;2024-02-19
377995;CUST79046;B08D99GG7J;3;2024-07-28
403375;CUST82464;B0938GZNX5;3;2024-04-10
879504;CUST18780;B0BCFFQPMM;2;2024-09-15
961375;CUST35436;B0C5Y47MBZ;5;2024-06-25
892311;CUST21540;B0CGLWCXQF;4;2024-04-24
354888;CUST57770;B0BCMBH8JK;5;2024-06-14
267425;CUST35795;B0BV7MKX1P;3;2024-07-23
584432;CUST33388;B0C15RBC68;4;2024-06-29
911097;CUST30672;B0CCTSNCTD;5;2024-01-19
514960;CUST73193;B0CJFBDSHK;4;2024-09-12
682987;CUST43484;B0CJDTP864;3;2024-01-24
988706;CUST32519;B08J9LDZD1;5;2024-12-21
176002;CUST66017;B0819WSSX2;5;2024-07-15
797148;CUST42862;B08WNS5BV9;2;2024-06-05
765913;CUST38773;B0CBMYP65M;2;2024-02-24
901254;CUST19645;B078BPWZB5;2;2024-03-07
195600;CUST53803;B08GN4WZC5;2;2024-01-15
825183;CUST96870;B086ZZ9LR2;2;2024-01-20
640151;CUST37534;B0CH2YDV1L;4;2024-03-07
571662;CUST73598;B0BPJQLXNH;4;2024-07-18
328142;CUST50005;B0CCN3M933;3;2024-06-23
721965;CUST16091;B088PHNJP5;3;2024-12-27
714536;CUST88505;B072NZSW1C;5;2024-10-19
206940;CUST44866;B0BLP44ZPM;4;2024-02-18
641292;CUST51588;B0CH8XH5FC;5;2024-11-28
111976;CUST76686;B0BZRXWG3R;4;2024-04-21
472908;CUST91719;B0BBYYYHZC;4;2024-11-02
493285;CUST15712;B0CDW9YPPB;2;2024-03-14
134698;CUST41831;B0CG98WXVC;3;2024-05-07
365378;CUST72288;B08YS8KZFR;2;2024-03-31
378012;CUST65734;B09668MF5M;3;2024-03-12
973024;CUST27189;B0CC5JHNFG;4;2024-01-17
850451;CUST24703;B0716WH2HM;4;2024-01-20
281252;CUST38089;B0CD7G2RDP;2;2024-02-29
217651;CUST46431;B0CG8Y5WS3;5;2024-09-17
503515;CUST83289;B0BVWNZ356;3;2024-01-25
486493;CUST49467;B0C53CFN6W;5;2024-12-17
891713;CUST80727;B0C7FCD3WH;3;2024-02-08
249799;CUST84340;B07D2F6ZXY;5;2024-04-24
598005;CUST63051;B0BBTYLVZR;2;2024-08-17
501302;CUST38410;B094ZWS775;4;2024-10-31
517595;CUST51798;B0CB243Q6J;4;2024-04-21
507415;CUST22825;B016AH5ABA;2;2024-04-01
171012;CUST10017;B09SHZ9SDX;5;2024-07-08
188008;CUST90137;B08YFGM3SN;5;2024-10-15
246294;CUST89916;B09YTBYHTJ;3;2024-01-19
511981;CUST35949;B0CDWGB2QR;2;2024-12-25
843191;CUST27897;B0CD1V9QB8;4;2024-11-15
568930;CUST73481;B0BRSB5V2M;2;2024-11-25
142346;CUST73894;B081VQ8MXS;5;2024-03-14
123671;CUST59807;B0C9GNC65Q;4;2024-08-11
229063;CUST95510;B08NZXDCHZ;4;2024-05-27
659882;CUST45569;B09C2GTZ9Z;2;2024-07-27
624603;CUST22037;B0BLVWQKPQ;3;2024-09-13
917744;CUST67703;B087YMYSKV;2;2024-10-14
580225;CUST90137;B006K8ETPI;2;2024-05-16
373279;CUST99570;B0CHR5MT4S;4;2024-05-22
908457;CUST44688;B0CC4N7MTH;2;2024-11-21
161919;CUST60806;B097YCF7P6;2;2024-09-22
441234;CUST93505;B0CFKS2SXS;4;2024-05-17
664571;CUST72825;B09WXP4ZR7;4;2024-09-26
857857;CUST62592;B09MFLZ7JJ;3;2024-05-04
374665;CUST14341;B0BZ44CDDL;3;2024-01-25
752852;CUST65093;B00GIFZO1G;3;2024-07-27
896786;CUST57255;B0C49FKJM6;2;2024-12-29
657392;CUST78908;B0BZNMLRWV;4;2024-02-13
661411;CUST44861;B072PTCWRZ;4;2024-09-19
671505;CUST18916;B00IN3D60W;4;2024-04-23
541800;CUST44861;B08K385VJV;3;2024-06-12
899663;CUST92330;B002U1X0ZO;3;2024-04-24
248551;CUST50930;B0B2MZWBC2;3;2024-05-11
660951;CUST77139;B08V1MWF4C;3;2024-07-09
636752;CUST84004;B0C99VYBT7;5;2024-06-27
483331;CUST58826;B00GQH2NVK;2;2024-11-20
986920;CUST86890;B0B2NHQ8MX;4;2024-11-20
419788;CUST40685;B000KHDYY2;2;2024-02-28
833597;CUST38598;B098B3GPWZ;2;2024-11-29
554335;CUST45242;B0B4JVPV8W;2;2024-07-13
208741;CUST34775;B0BL1NZVSG;5;2024-01-02
314866;CUST24703;B07G3JW837;3;2024-07-31
735286;CUST17849;B0BPT8S6N7;4;2024-02-06
443474;CUST31133;B0BKQBZBTJ;4;2024-04-18
368993;CUST77363;B0B4K9XZB4;3;2024-06-07
710425;CUST62973;B081SJGW92;5;2024-03-05
499836;CUST25089;B0753VKPGN;3;2024-10-25
519762;CUST93870;B0CFHK5FK9;4;2024-10-18
878883;CUST14827;B07NKNSVQC;5;2024-02-07
500347;CUST26896;B08N45422Z;3;2024-11-02
914079;CUST77363;B08XVTN3SL;5;2024-01-04
331256;CUST14341;B077PYHF9Q;5;2024-07-16
343999;CUST64527;B0C7G1LLQH;5;2024-03-28
412931;CUST56201;B0CFXB11RJ;5;2024-05-02
284457;CUST31549;B07G9CVZD5;5;2024-10-21
992569;CUST56738;B0BSYD9C79;3;2024-01-15
506369;CUST92608;B0C78B1WM4;2;2024-05-13
281074;CUST17236;B0BWFTZ9TD;5;2024-01-20
701987;CUST80727;B0B8S19TJF;5;2024-04-22
784850;CUST90137;B0BGFGXLND;4;2024-04-04
356542;CUST77691;B0C7C7NJ76;4;2024-12-02
385432;CUST25071;B0CDTWHF33;2;2024-04-14
273227;CUST65093;B0CJ97SFPB;2;2024-04-08
820791;CUST85371;B0CFJ7P2WJ;4;2024-06-11
813499;CUST30271;B09LYYQ7JV;2;2024-06-16
319826;CUST12173;B006XDVH3W;3;2024-04-08
936144;CUST14706;B0C2GWF6RL;4;2024-03-31
774604;CUST97034;B06Y46P8P6;3;2024-02-04
612758;CUST51271;B0B5H1738F;2;2024-03-01
758361;CUST17363;B0C5THJPY4;3;2024-07-01
640355;CUST24205;B00CSSUXD6;4;2024-06-20
252473;CUST39525;B08DV4T6N4;2;2024-09-28
593023;CUST10889;B0BRNWNL44;4;2024-04-20
911244;CUST50005;B0965CXPQ4;3;2024-09-02
734887;CUST37070;B0CGVCW3WW;3;2024-09-03
191658;CUST57692;B0C6ZW27W4;2;2024-01-03
519639;CUST11397;B091BZ7FS2;3;2024-11-01
591161;CUST14550;B0CD3DT72Q;3;2024-01-06
632222;CUST88616;B0781VC1Q6;4;2024-11-17
507971;CUST71644;B0CDQ6MTSQ;2;2024-10-10
240130;CUST72643;B08LHC8VQ2;3;2024-08-30
163844;CUST43441;B0051AABE4;2;2024-12-01
925441;CUST74276;B09L63C39R;3;2024-01-08
778167;CUST64981;B09CNT76CD;3;2024-11-21
576639;CUST93505;B0CJ21GP4Z;4;2024-04-11
292562;CUST27338;B0C63ZZYKB;5;2024-05-14
938824;CUST79266;B0C7PHV5X3;4;2024-04-01
589656;CUST74689;B077BQ2QM4;2;2024-04-30
122384;CUST91679;B0C8B2NPPS;3;2024-03-21
204623;CUST91220;B0C4JP49SG;5;2024-06-24
889652;CUST79266;B09NNP386K;2;2024-11-07
984117;CUST54282;B0BLY6167Z;4;2024-03-22
158956;CUST18035;B08CBXRX7G;3;2024-05-29
948179;CUST19921;B00CZ6876Q;2;2024-01-07
961980;CUST25737;B0CGR5WZ61;5;2024-12-21
752461;CUST25063;B0CJM6WVDH;5;2024-07-25
390233;CUST49467;B097FBGKHS;4;2024-08-01
959170;CUST88154;B015VYL5NA;5;2024-05-08
770019;CUST82571;B0BX63WLMD;2;2024-09-24
254232;CUST16821;B0CFVBPHBK;4;2024-03-28
990985;CUST23148;B085QGQZZC;4;2024-06-30
788184;CUST27894;B004XK4VNU;4;2024-08-09
903675;CUST96439;B0BKQPL98V;5;2024-10-20
931433;CUST74689;B0BGYJ1JB3;3;2024-04-27
487059;CUST30112;B07QKGJMKS;3;2024-07-15
821533;CUST98490;B09NYGP48N;5;2024-05-18
576716;CUST75991;B0CB2SVZQT;4;2024-08-10
506512;CUST65734;B089LVSH86;5;2024-03-03
489145;CUST55235;B0CFQKDMFB;4;2024-10-07
757417;CUST25329;B0BC212TH1;2;2024-04-16
713200;CUST92845;B0CGP44R4X;2;2024-01-18
415101;CUST42614;B0CGNKQLPB;2;2024-01-24
463617;CUST62141;B0BZBZK5LC;5;2024-03-23
654231;CUST41834;B01LVY6H2L;4;2024-11-05
763108;CUST45242;B084SC26ZN;4;2024-11-16
153390;CUST72643;B093MF89F4;2;2024-02-09
484542;CUST94176;B08ZKNHNBM;3;2024-08-20
178320;CUST29338;B07NSFQ2DV;5;2024-09-24
604178;CUST80936;B01IEJHJWK;2;2024-03-14
467890;CUST11921;B07T31QRKR;3;2024-03-13
165637;CUST85527;B09BQC1MMS;4;2024-03-07
293980;CUST88586;B08J6RHMJ7;5;2024-12-22
187517;CUST74436;B09QY8Y2J8;2;2024-02-07
665711;CUST53754;B0BXHZYVG3;5;2024-09-04
734514;CUST48768;B087D4JKX7;3;2024-11-21
861843;CUST94804;B0CHNZ6RRJ;5;2024-02-26
251029;CUST38918;B08RZ71466;5;2024-06-09
796549;CUST80624;B09NDHZGYQ;3;2024-02-28
659693;CUST55495;B019J1T452;4;2024-01-14
848062;CUST28562;B0CDH1LLK4;5;2024-10-14
381133;CUST30894;B08RJYFFY8;3;2024-04-14
974372;CUST63460;B01MEDE13V;2;2024-04-17
420625;CUST26668;B01BRG0DF2;2;2024-10-14
309176;CUST94176;B0CJXY4RF3;5;2024-10-09
558221;CUST64606;B08KTMFW61;3;2024-11-17
828957;CUST85371;B0BLJHMC29;4;2024-06-02
298172;CUST92779;B0B7RX46TZ;3;2024-05-09
311312;CUST85608;B09B11H4R7;5;2024-11-22
382373;CUST47908;B0741788HN;5;2024-10-29
752599;CUST18253;B09ZVCCQKL;3;2024-02-09
181255;CUST26477;B0C5NCJX9J;2;2024-09-08
441780;CUST41893;B0BZTY65Y1;3;2024-12-12
146733;CUST56927;B0C6PHLJDT;5;2024-03-25
723106;CUST61018;B0C4PVPNG8;2;2024-10-08
306646;CUST39135;B0776NC55B;4;2024-09-17
188386;CUST62884;B09G2RMPSS;2;2024-08-31
520595;CUST83847;B01E7L2DBG;5;2024-10-27
593019;CUST45870;B00YG79SBA;4;2024-07-24
660932;CUST45579;B0CCX76WLD;4;2024-07-22
792242;CUST17361;B0B5WM4YJC;4;2024-01-03
653338;CUST18780;B0734XMMC6;2;2024-08-01
513307;CUST65133;B07RMV6CD7;3;2024-08-23
103284;CUST38773;B07QGQLPWG;2;2024-05-12
330851;CUST39585;B0CDWXP6VR;2;2024-11-06
473863;CUST73598;B0C19HVB5N;3;2024-05-25
197730;CUST92874;B0B9NG1NB9;5;2024-02-21
347992;CUST25290;B07TVMNZKK;2;2024-08-20
159690;CUST82573;B01NBZ08TG;3;2024-09-20
707083;CUST89424;B0C83BZVQL;2;2024-10-31
387348;CUST71535;B089S5Z4X7;3;2024-03-23
627798;CUST35304;B07Z53P4WR;2;2024-02-12
832789;CUST30307;B0CFLRS8T4;5;2024-01-04
225179;CUST64210;B0C73NT1KT;4;2024-10-08
918878;CUST22037;B09KG2L86S;2;2024-09-18
301180;CUST86301;B09CKRGV2Y;5;2024-08-31
208169;CUST78775;B09YRFDC17;3;2024-03-31
262775;CUST33281;B0CCW6R5YM;2;2024-12-07
768856;CUST18035;B09GXSW7DW;3;2024-01-14
631331;CUST32359;B01GVJE11M;5;2024-11-17
311585;CUST48747;B0BJP7WQ2P;5;2024-10-01
421297;CUST40042;B0B3RZM35Y;5;2024-01-23
473919;CUST13481;B07TJJSN4R;4;2024-05-11
759002;CUST84004;B0C2ZVCFDR;4;2024-01-29
237231;CUST77641;B0B82JM49T;4;2024-06-07
686586;CUST14550;B0CBLQSWYH;3;2024-03-21
178958;CUST77390;B0CJCNSLJR;4;2024-04-06
701577;CUST54993;B0851XGYDB;4;2024-02-19
760929;CUST48768;B08T6KVGNN;3;2024-08-26
140008;CUST57599;B0CG1NS6HF;2;2024-07-10
122471;CUST60137;B07Y8M5RNJ;2;2024-05-16
598522;CUST30271;B08Q75KGLX;4;2024-05-02
376621;CUST99872;B01N4OR09O;5;2024-08-17
337147;CUST34513;B07VGS9VG9;5;2024-02-05
504305;CUST68187;B0C4FKYH2W;3;2024-10-11
386184;CUST30112;B09B3MVBPG;4;2024-04-26
298825;CUST62884;B0B6BXF3B3;2;2024-03-03
743512;CUST95510;B0BQ76B9PW;2;2024-03-09
231114;CUST31549;B0CBBV329S;5;2024-02-17
479475;CUST45242;B0CC2ZBKPB;2;2024-12-30
346150;CUST31591;B0BDTZ443L;4;2024-12-16
725880;CUST25138;B0B77TJJK5;2;2024-08-26
506603;CUST88586;B09SBXM7BS;2;2024-03-04
896485;CUST33117;B0B8334PTT;4;2024-06-27
878103;CUST25797;B07XF6Q4PT;5;2024-06-28
567733;CUST76477;B00JOVJKZW;3;2024-07-04
642781;CUST56105;B004M9AR8K;2;2024-09-27
792193;CUST77095;B0BTPN8QJB;5;2024-09-16
880710;CUST77490;B0B9313JQQ;4;2024-06-20
302899;CUST94318;B0BJ73VQ5J;5;2024-01-12
460055;CUST25085;B08LVRD7YR;2;2024-07-07
555089;CUST36569;B0BD1Y8DKL;5;2024-01-12
360040;CUST34812;B01LWRPY25;3;2024-05-22
799139;CUST16821;B089WHY4VL;3;2024-01-03
246903;CUST38410;B083YRCDP9;5;2024-03-20
218168;CUST67610;B07XLN595G;4;2024-03-18
744947;CUST96904;B0BT9ZYN16;4;2024-09-27
867541;CUST14550;B0BY2NV2SR;4;2024-06-12
688158;CUST47476;B0CCVHQXXP;2;2024-01-22
391003;CUST19645;B0822SSQBB;2;2024-02-01
664361;CUST73894;B0C5XMFQ1P;3;2024-12-11
856590;CUST95510;B0BXHTWSH6;3;2024-08-30
794391;CUST42968;B0C9WNX22Z;4;2024-08-03
742518;CUST72643;B09YRHMNRK;5;2024-05-12
731975;CUST18253;B08XZBKKZB;4;2024-05-21
110972;CUST34482;B0CKN47PRS;5;2024-11-17
897372;CUST36141;B075X4PNNR;2;2024-06-04
522410;CUST43803;B07Y6724P7;2;2024-07-05
216750;CUST97404;B0CCL6BYC5;3;2024-10-12
603283;CUST59807;B0C7T1JTX8;2;2024-06-23
141159;CUST24755;B0CCL4R5VP;4;2024-03-18
359308;CUST53264;B07KCM5VFS;4;2024-02-04
972192;CUST53754;B08NCZTYXZ;5;2024-04-05
533001;CUST86105;B00366YI6W;3;2024-09-28
203756;CUST11609;B0CJFZHKHY;2;2024-02-05
225665;CUST25499;B0CCJ3SGCX;3;2024-02-16
424717;CUST13815;B07DHVPDDY;3;2024-09-20
563329;CUST84731;B0C3YHGN3X;2;2024-07-07
607095;CUST39585;B0B5GNY83V;5;2024-01-09
742691;CUST18780;B07XS942Y5;4;2024-12-05
379710;CUST77494;B0C73DMTVC;5;2024-06-22
158765;CUST10244;B0BLVR6XK1;2;2024-04-17
736172;CUST59441;B087YKLZKB;2;2024-04-16
266823;CUST25737;B0016PNHU8;3;2024-10-17
193802;CUST35436;B07DK3W36F;5;2024-01-28
596690;CUST94435;B07X9ZL5S8;2;2024-08-08
216899;CUST38676;B09926XJV5;4;2024-08-06
296708;CUST74689;B09WXX4X4R;3;2024-06-14
338152;CUST40042;B0849WNP8S;3;2024-02-26
726416;CUST80354;B010NNHHZY;3;2024-07-02
927756;CUST17459;B004O7G28Y;3;2024-09-11
106645;CUST26477;B08KTXNNNN;5;2024-04-19
568253;CUST48280;B0B6W5MWWR;5;2024-09-17
865234;CUST85897;B09W9SZGSJ;5;2024-12-13
310246;CUST14214;B09X26522G;3;2024-11-12
192019;CUST71075;B0CG9KY7HT;4;2024-07-05
976962;CUST59505;B0C994KXPJ;2;2024-04-21
673142;CUST82626;B07CZQBKX7;5;2024-05-01
721041;CUST28001;B07Z7754TF;5;2024-12-17
459038;CUST96870;B09SHZ9SDX;3;2024-08-24
553345;CUST49458;B0757Q314Q;3;2024-04-03
192567;CUST84835;B08JG8DHWS;4;2024-03-16
181153;CUST33281;B0C65NP9TK;5;2024-04-25
405501;CUST30326;B08KTB1X82;4;2024-10-18
305468;CUST30894;B014V36LPO;3;2024-02-10
373232;CUST28001;B07R2CKL16;4;2024-03-25
655711;CUST97034;B0CD7KZ9TR;4;2024-04-23
253567;CUST54536;B0CDGS68J4;5;2024-03-03
827929;CUST18444;B0771VBFXS;3;2024-01-19
494581;CUST23036;B06XFBGFLZ;4;2024-07-12
297261;CUST30307;B09T6F5ZC5;5;2024-04-24
372649;CUST25071;B0CFQH5MG2;4;2024-08-21
774889;CUST73745;B0BW6TCHQH;2;2024-07-24
495335;CUST50599;B06Y3YTRMF;5;2024-05-18
934943;CUST14290;B0CCC8VV9C;2;2024-06-02
276996;CUST55235;B0C5GRCQB7;2;2024-01-14
404107;CUST46431;B07NSPF9S4;2;2024-03-31
496090;CUST46936;B084SNBKP1;3;2024-10-21
849256;CUST78497;B09L7B4GPT;2;2024-12-22
732479;CUST56105;B0BW19HZT8;5;2024-05-25
837725;CUST73374;B0CCDC3LJ8;5;2024-09-15
905994;CUST98592;B0CGK7HFT4;5;2024-03-01
871508;CUST22825;B09MQXNBH7;3;2024-03-19
538772;CUST19402;B000LY3TOO;5;2024-09-23
926306;CUST63407;B097TMZSJN;3;2024-12-03
959224;CUST26477;B07TFX9KHW;5;2024-12-27
932135;CUST75205;B0C4SQ2X4M;4;2024-07-30
496765;CUST14290;B0BPSCYPMH;5;2024-04-25
456737;CUST17849;B0BNGN1TVD;3;2024-10-29
448284;CUST18288;B09BNX11LQ;4;2024-10-29
228799;CUST92779;B075W9PT9K;2;2024-02-19
211116;CUST51812;B07XY79RL4;3;2024-07-13
526578;CUST64203;B09GS2YX6C;3;2024-12-01
371373;CUST16580;B07QT623WS;5;2024-02-08
188923;CUST62492;B0B9VC3V63;2;2024-12-23
973223;CUST21592;B06XCZBKL7;5;2024-11-04
749003;CUST92779;B0C9HQPQ67;2;2024-12-19
898747;CUST97034;B08VGW767K;3;2024-12-27
983011;CUST42968;B001LFHQYG;5;2024-04-16
283039;CUST41526;B0CH39FGCV;3;2024-05-25
385605;CUST17154;B0CFQKDMFB;5;2024-07-22
522168;CUST24199;B08B8QWXNP;4;2024-10-03
601598;CUST33417;B08CY3ZHNV;5;2024-07-10
326470;CUST73894;B0797NJXHY;3;2024-01-02
696186;CUST62973;B0BVFNHDQW;4;2024-06-06
806905;CUST59728;B0CJ8Q6CM7;5;2024-02-15
532848;CUST46936;B0BDYR77DT;2;2024-11-03
242667;CUST20139;B07KRY3SML;2;2024-04-27
642377;CUST28691;B0CBDGHGTR;4;2024-08-18
383326;CUST80354;B08SW52KBD;2;2024-02-17
618901;CUST26823;B08HXW9K7N;3;2024-12-23
562132;CUST59536;B084QJC4XQ;5;2024-05-09
264414;CUST29860;B0C43TN23B;2;2024-08-09
488489;CUST69945;B0BYJKLF4K;5;2024-05-22
485414;CUST89302;B08QMVF6F7;2;2024-08-08
519455;CUST73374;B08GC36DZL;2;2024-06-28
257370;CUST65133;B0CHVTJNCX;3;2024-09-05
105975;CUST93857;B076CHMGHX;5;2024-01-17
948005;CUST42614;B0CCC8VV99;2;2024-07-14
224614;CUST34002;B0BTMNQP28;5;2024-07-20
325699;CUST69473;B07KGDT68Y;4;2024-04-13
524316;CUST69829;B0C7GJPN32;5;2024-09-25
734142;CUST34257;B08PTYDH8S;4;2024-03-16
189050;CUST16580;B0C1GLB76B;2;2024-06-29
314032;CUST48280;B091JFKFKH;5;2024-04-02
945940;CUST71535;B0BNBQX779;3;2024-03-02
534303;CUST46431;B0CJ8QK9WQ;3;2024-10-27
122199;CUST75953;B0BMQPKM44;3;2024-06-18
580953;CUST55308;B08Z7K6BTK;5;2024-01-01
359237;CUST72288;B07NNVJ7H7;3;2024-05-22
276942;CUST30732;B0CHBGXYWD;3;2024-06-02
747034;CUST49024;B0BY92Y664;2;2024-11-14
832168;CUST25797;B00H7FW928;2;2024-02-01
511627;CUST34279;B0798C74S1;5;2024-01-14
963774;CUST25085;B0BGQQP994;5;2024-02-28
745272;CUST14214;B00PL271Y0;4;2024-02-20
429485;CUST14214;B01G6UVYX4;3;2024-02-05
662950;CUST84988;B0CCSXF1GJ;5;2024-06-28
482357;CUST44258;B09RSTGLXW;2;2024-03-26
638467;CUST75205;B097QX8CCF;2;2024-04-08
105658;CUST31549;B01B7TV024;5;2024-09-20
346682;CUST44699;B0B6JQ1K33;4;2024-12-30
403214;CUST95339;B000BWZTYE;2;2024-11-21
908221;CUST14987;B0BLXSDVMJ;5;2024-10-31
373295;CUST56201;B094PXDW7V;3;2024-11-12
749582;CUST94435;B09G6W6NRB;2;2024-01-20
679831;CUST43484;B09MS2FTN1;3;2024-05-09
439783;CUST33906;B0BHDXTDT1;3;2024-02-17
731922;CUST38859;B0CCVM7XYJ;2;2024-10-01
695248;CUST82550;B07HDQ5HXW;5;2024-09-19
521011;CUST49632;B09MWK1MMP;5;2024-06-25
348545;CUST18253;B00YG7SAFU;2;2024-10-10
451053;CUST63432;B082P3ZNTV;3;2024-01-20
106675;CUST37534;B0BB61MLKZ;2;2024-04-24
679397;CUST90749;B083Y1VTKP;2;2024-02-20
482274;CUST95109;B0CCJFG2HR;2;2024-06-16
109478;CUST22825;B0BK141MW4;3;2024-06-03
860009;CUST37940;B06XG48DN7;5;2024-11-19
432520;CUST88616;B09HKBC84N;2;2024-01-29
466559;CUST83587;B0C6N3KVBP;2;2024-06-09
284605;CUST22883;B0117P539O;2;2024-04-27
849115;CUST41198;B0C9TQHW43;3;2024-04-24
449852;CUST56316;B07LC6Y758;4;2024-08-05
917400;CUST19645;B009YLEM5K;3;2024-09-18
516248;CUST74378;B0BJQNX8R1;2;2024-08-22
105509;CUST58826;B01A3MY5FA;2;2024-08-25
672591;CUST16498;B0CCZPWDDF;3;2024-07-26
385365;CUST44866;B0BG548R7G;2;2024-01-01
